"Fon Kodu","Fon Adı","Şemsiye Fon Türü","Uygulanan Yönetim Ücreti Yıllık (%)","Fon İç Tüzüğünde Yer Alan Yönetim Ücreti Yıllık (%)","Yıllık Net Getiri Oranı (%)","Yıllık Azami Fon Toplam Gider Oranı (%)"
"AAK","ATA PORTFÖY ÇOKLU VARLIK DEĞİŞKEN FON","Değişken Şemsiye Fonu","1.5","1.5","26.26","3.65"
"AAL","ATA PORTFÖY PARA PİYASASI (TL) FONU","Para Piyasası Şemsiye Fonu","1","1","59.94","1.65"
"AAS","ATA PORTFÖY FON SEPETİ SERBEST FONU","Serbest Şemsiye Fonu","0.75","0.75","4.56","-"
"AAV","ATA PORTFÖY İKİNCİ HİSSE SENEDİ (TL) FONU (HİSSE SENEDİ YOĞUN FON)","Hisse Senedi Şemsiye Fonu","2.25","2.25","3.51","3.65"
"AC1","PARDUS PORTFÖY KISA VADELİ KATILIM SERBEST FONU","Serbest Şemsiye Fonu","1","0","51.52","-"
"AC4","PARDUS PORTFÖY PARA PİYASASI (TL) FON","Para Piyasası Şemsiye Fonu","1","0","60.1","0"
"AC5","PARDUS PORTFÖY İSTATİSTİKSEL ARBİTRAJ HİSSE SENEDİ SERBEST (TL) FON (HİSSE SENEDİ YOĞUN FON)","Serbest Şemsiye Fonu","1.5","0","26.71","0"
"AC6","PARDUS PORTFÖY DÖRDÜNCÜ SERBEST (DÖVİZ) FON","Serbest Şemsiye Fonu","2.5","0","21.96","0"
"ACC","İSTANBUL PORTFÖY DÖRDÜNCÜ HİSSE SENEDİ FONU (HİSSE SENEDİ YOĞUN)","Hisse Senedi Şemsiye Fonu","2.56","0","12.85","3.65"
"ACD","İSTANBUL PORTFÖY İKİNCİ DEĞİŞKEN FON","Değişken Şemsiye Fonu","2.1","0","30.64","3.65"
"ACK","İSTANBUL PORTFÖY HİSSE SENEDİ FONU(HİSSE SENEDİ YOĞUN FON)","Hisse Senedi Şemsiye Fonu","2.1","0","7","3.65"
"ACU","İSTANBUL PORTFÖY URARTU SERBEST (DÖVİZ) FON","Serbest Şemsiye Fonu","1.095","0","25.99","-"
"ADE","AK PORTFÖY DEĞİŞKEN FON","Değişken Şemsiye Fonu","2","2","55.15","3.65"
"ADP","AK PORTFÖY BIST BANKA ENDEKSİ HİSSE SENEDİ (TL) FONU (HİSSE SENEDİ YOĞUN FON)","Hisse Senedi Şemsiye Fonu","2","2","-6.33","2.19"
"AED","ATA PORTFÖY BİRİNCİ DEĞİŞKEN FON","Değişken Şemsiye Fonu","1.75","1.75","16.72","3.65"
"AES","AK PORTFÖY PETROL YABANCI BYF FON SEPETİ FONU","Fon Sepeti Şemsiye Fonu","2.9","2.9","-1.78","4.38"
"AEV","ALLBATROSS PORTFÖY SANAYİ ŞİRKETLERİ HİSSE SENEDİ (TL) FONU (HİSSE SENEDİ YOĞUN FON)","Hisse Senedi Şemsiye Fonu","3","0","5.37","-"
"AFA","AK PORTFÖY AMERİKA YABANCI HİSSE SENEDİ FONU","Hisse Senedi Şemsiye Fonu","2.9","2.9","20.57","3.65"
"AFO","AK PORTFÖY ALTIN FONU","Kıymetli Madenler Şemsiye Fonu","2.04","2.04","67.06","2.19"
"AFS","AK PORTFÖY SAĞLIK SEKTÖRÜ YABANCI HİSSE SENEDİ FONU","Hisse Senedi Şemsiye Fonu","2.9","2.9","8.18","3.65"
"AFT","AK PORTFÖY YENİ TEKNOLOJİLER YABANCI HİSSE SENEDİ FONU","Hisse Senedi Şemsiye Fonu","2.9","2.9","21.54","3.65"
"AFV","AK PORTFÖY AVRUPA YABANCI HİSSE SENEDİ FONU","Hisse Senedi Şemsiye Fonu","2.9","2.9","23.55","3.65"
"AGC","AK PORTFÖY İKİNCİ DEĞİŞKEN FON","Değişken Şemsiye Fonu","1.5","1.5","29.36","3.65"
"AHI","ATLAS PORTFÖY BİRİNCİ HİSSE SENEDİ FONU(HİSSE SENEDİ YOĞUN)","Hisse Senedi Şemsiye Fonu","2.9","2.9","12.06","3.65"
"AHN","ATLAS PORTFÖY SERBEST(DÖVİZ)FON","Serbest Şemsiye Fonu","1.5","1.5","24.4","0"
"AHU","ATLAS PORTFÖY BİRİNCİ ÖZEL SEKTÖR BORÇLANMA ARAÇLARI FONU","Borçlanma Araçları Şemsiye Fonu","1.4","1.4","60.02","3.65"
"AHV","AZİMUT PORTFÖY DENGELİ FON SEPETİ FONU","Fon Sepeti Şemsiye Fonu","2","0","27.68","-"
"AIS","AK PORTFÖY KİRA SERTİFİKALARI KATILIM FONU","Katılım Şemsiye Fonu","2.1","2.1","47.45","3.65"
"AJK","AK PORTFÖY 0-5 YIL VADELİ SERBEST (DÖVİZ) FON","Serbest Şemsiye Fonu","0.9","0.9","17.07","-"
"AK2","AK PORTFÖY UZUN VADELİ BORÇLANMA ARAÇLARI FONU","Borçlanma Araçları Şemsiye Fonu","2","2","16.87","3.65"
"AK3","AK PORTFÖY HİSSE SENEDİ (TL) FONU (HİSSE SENEDİ YOĞUN FON)","Hisse Senedi Şemsiye Fonu","3.4","3.4","16.03","3.65"
"AKE","AK PORTFÖY EUROBOND (AMERİKAN DOLARI) BORÇLANMA ARAÇLARI FONU","Borçlanma Araçları Şemsiye Fonu","2.9","2.9","25.16","3.65"
"AKU","AK PORTFÖY BIST 30 ENDEKSİ HİSSE SENEDİ (TL) FONU (HİSSE SENEDİ YOĞUN FON)","Hisse Senedi Şemsiye Fonu","2","2","0.48","2.19"
"ALC","AK PORTFÖY KAR PAYI ÖDEYEN ŞİRKETLER HİSSE SENEDİ (TL) FONU (HİSSE SENEDİ YOĞUN FON)","Hisse Senedi Şemsiye Fonu","2.95","2.95","22.12","2.19"
"AN1","STRATEJİ PORTFÖY BİRİNCİ DEĞİŞKEN FON","Değişken Şemsiye Fonu","3","3","44.05","3.65"
"ANZ","ATA PORTFÖY DÖRDÜNCÜ SERBEST (DÖVİZ) FON","Serbest Şemsiye Fonu","0.75","0.75","23.45","-"
"AOJ","ALLBATROSS PORTFÖY İNŞAAT SEKTÖRÜ HİSSE SENEDİ SERBEST (TL) FON (HİSSE SENEDİ YOĞUN FON)","Serbest Şemsiye Fonu","3","0","9.04","-"
"AOY","AK PORTFÖY ALTERNATİF ENERJİ YABANCI HİSSE SENEDİ FONU","Hisse Senedi Şemsiye Fonu","2.9","2.9","-7.61","3.65"
"APJ","AK PORTFÖY BIST ŞİRKETLERİ FON SEPETİ FONU","Fon Sepeti Şemsiye Fonu","1.7","1.7","6.03","4.38"
"APT","AK PORTFÖY ORTA VADELI BORÇLANMA ARAÇLARI FONU","Borçlanma Araçları Şemsiye Fonu","2","0","32.85","3.65"
"ARE","İSTANBUL PORTFÖY YABANCI HİSSE SENEDİ FONU","Hisse Senedi Şemsiye Fonu","2.5","0","0.24","3.65"
"ARL","AK PORTFÖY BİRİNCİ FON SEPETİ FONU","Fon Sepeti Şemsiye Fonu","1.95","1.95","43.25","4.38"
"ARM","AK PORTFÖY İKİNCİ FON SEPETİ FONU","Fon Sepeti Şemsiye Fonu","1.95","1.95","35.54","4.38"
"AS1","ALLBATROSS PORTFÖY BİRİNCİ SERBEST (DÖVİZ) FON","Serbest Şemsiye Fonu","0.5","0","18.77","-"
"ASJ","AKTİF PORTFÖY HİSSE SENEDİ (TL) FONU (HİSSE SENEDİ YOĞUN FON)","Hisse Senedi Şemsiye Fonu","2.75","2.75","1.51","3.65"
"AUT","ATA PORTFÖY DENGELİ DEĞİŞKEN FON","Değişken Şemsiye Fonu","1.25","1.25","44.97","2.56"
"AUV","AK PORTFÖY UZUN VADELİ SERBEST (DÖVİZ) FON","Serbest Şemsiye Fonu","1.5","1.5","0","-"
"AYA","ATA PORTFÖY KAR PAYI ÖDEYEN HİSSE SENEDİ (TL) FONU (HİSSE SENEDİ YOĞUN FON)","Hisse Senedi Şemsiye Fonu","2.5","2.5","-1.24","3.65"
"AYR","AK PORTFÖY ÖZEL SEKTÖR BORÇLANMA ARAÇLARI (TL) FONU","Borçlanma Araçları Şemsiye Fonu","2.5","2.5","55.01","3.65"
"BBF","PARDUS PORTFÖY BİRİNCİ BORÇLANMA ARAÇLARI (TL) FONU","Borçlanma Araçları Şemsiye Fonu","1.5","0","55.58","-"
"BBP","ALLBATROSS PORTFÖY BİRİNCİ BORÇLANMA ARAÇLARI FONU","Borçlanma Araçları Şemsiye Fonu","1.75","0","0","-"
"BCK","DENİZ PORTFÖY BLOCKCHAİN VE FINTECH TEKNOLOJİLERİ DEĞİŞKEN FON","Değişken Şemsiye Fonu","2","2","0","-"
"BDC","AURA PORTFÖY BODRUM SERBEST FON","Serbest Şemsiye Fonu","0.7","0.7","54.37","0"
"BDS","PARDUS PORTFÖY BIST 30 DIŞI ŞİRKETLER HİSSE SENEDİ (TL) FONU (HİSSE SENEDİ YOĞUN FON)","Hisse Senedi Şemsiye Fonu","1","0","0","-"
"BDY","AK PORTFÖY BIST 100 DIŞI ŞİRKETLER HİSSE SENEDİ (TL) FONU (HİSSE SENEDİ YOĞUN FON)","Hisse Senedi Şemsiye Fonu","3.3","3.3","0","-"
"BFE","ALLBATROSS PORTFÖY BİRİNCİ FON SEPETİ FONU","Fon Sepeti Şemsiye Fonu","2","0","0","-"
"BFT","AZİMUT PORTFÖY BANKA VE FİNANS SEKTÖRÜ HİSSE SENEDİ FONU (HİSSE SENEDİ YOĞUN FON)","Hisse Senedi Şemsiye Fonu","2.35","0","0","-"
"BGP","AK PORTFÖY ÜÇÜNCÜ PARA PİYASASI (TL) FONU","Para Piyasası Şemsiye Fonu","0.49","0.49","60.91","1.65"
"BHF","PARDUS PORTFÖY BİRİNCİ DEĞİŞKEN FON","Değişken Şemsiye Fonu","2","0","23.51","-"
"BHI","BV PORTFÖY ALGORİTMİK STRATEJİLER HİSSE SENEDİ SERBEST (TL) FON (HİSSE SENEDİ YOĞUN FON)","Serbest Şemsiye Fonu","3.15","3.15","19.16","-"
"BHL","İŞ PORTFÖY BİRİNCİ HİSSE SENEDİ SERBEST FON (HİSSE SENEDİ YOĞUN FON)","Serbest Şemsiye Fonu","3.2","0","0","-"
"BID","QNB PORTFÖY BIST 100 DIŞI ŞİRKETLER HİSSE SENEDİ (TL) FONU (HİSSE SENEDİ YOĞUN FON)","Hisse Senedi Şemsiye Fonu","3","3","7.73","3.65"
"BIG","YAPI KREDİ PORTFÖY ÜÇÜNCÜ HİSSE SENEDİ FONU (HİSSE SENEDİ YOĞUN FON)","Hisse Senedi Şemsiye Fonu","3","3","0","-"
"BIH","PARDUS PORTFÖY BİRİNCİ HİSSE SENEDİ (TL) FONU (HİSSE SENEDİ YOĞUN FON)","Hisse Senedi Şemsiye Fonu","2","0","70.85","-"
"BIO","İŞ PORTFÖY SÜRDÜRÜLEBİLİRLİK HİSSE SENEDİ (TL) FONU (HİSSE SENEDİ YOĞUN FON)","Hisse Senedi Şemsiye Fonu","2","0","14.33","-"
"BIS","BV PORTFÖY BİRİNCİ SERBEST FON","Serbest Şemsiye Fonu","3.15","0","0","-"
"BNC","AK PORTFÖY BEŞİNCİ SERBEST FON","Serbest Şemsiye Fonu","0.15","0.15","22.75","-"
"BOL","AKTİF PORTFÖY BORÇLANMA ARAÇLARI FONU","Borçlanma Araçları Şemsiye Fonu","1.5","1.5","0","-"
"BSH","ATLAS PORTFÖY BANKACILIK SEKTÖRÜ HİSSE SENEDİ SERBEST FON (HİSSE SENEDİ YOĞUN FON)","Serbest Şemsiye Fonu","2.75","0","0","-"
"BST","PARDUS PORTFÖY BANKACILIK SEKTÖRÜ DIŞI ŞİRKETLER HİSSE SENEDİ SERBEST (TL) FON (HİSSE SENEDİ YOĞUN FON)","Serbest Şemsiye Fonu","1","0","29.44","0"
"BTE","BV PORTFÖY OYUN VE TEKNOLOJİ DEĞİŞKEN FON","Değişken Şemsiye Fonu","2.5","2.5","30.24","3.65"
"BTZ","ATLAS PORTFÖY BIST 30 DIŞI ŞİRKETLER HİSSE SENEDİ FONU (HİSSE SENEDİ YOĞUN FON)","Hisse Senedi Şemsiye Fonu","2","2","0","-"
"BUL","AKTİF PORTFÖY İNŞAAT SEKTÖRÜ HİSSE SENEDİ SERBEST (TL) FON (HİSSE SENEDİ YOĞUN FON)","Serbest Şemsiye Fonu","2.9","2.9","-27.71","-"
"BUY","AK PORTFÖY BÜYÜYEN ŞİRKETLER HİSSE SENEDİ (TL) FONU (HİSSE SENEDİ YOĞUN FON)","Hisse Senedi Şemsiye Fonu","3.3","3.3","-7.99","-"
"BV1","BV PORTFÖY BİRİNCİ HİSSE SENEDİ (TL) FON (HİSSE SENEDİ YOĞUN FON)","Hisse Senedi Şemsiye Fonu","2","2","0","-"
"BVM","ALLBATROSS PORTFÖY BİRİNCİ HİSSE SENEDİ SERBEST (TL) FON (HİSSE SENEDİ YOĞUN FON)","Serbest Şemsiye Fonu","2.5","0","-18.32","3.65"
"BVV","BV PORTFÖY TEKNOLOJİ DEĞİŞKEN FON","Değişken Şemsiye Fonu","2.5","2.5","5.37","-"
"BVZ","BV PORTFÖY İSTATİSTİKSEL ARBİTRAJ SERBEST (TL) FON","Serbest Şemsiye Fonu","4.2","4.2","68.63","-"
"CFO","ROTA PORTFÖY İKİNCİ PARA PİYASASI FONU","Para Piyasası Şemsiye Fonu","0.3","0","0","-"
"CIN","AKTİF PORTFÖY BİRİNCİ SERBEST FON","Serbest Şemsiye Fonu","2","0","7.16","-"
"CKS","İŞ PORTFÖY BİRİNCİ KATILIM SERBEST (DÖVİZ) FON","Serbest Şemsiye Fonu","0.6","0.6","24.11","-"
"CPT","ROTA PORTFÖY ÇİP TEKNOLOJİLERİ DEĞİŞKEN FON","Değişken Şemsiye Fonu","2.5","0","5.79","-"
"CPU","AKTİF PORTFÖY TEKNOLOJİ KATILIM FONU","Katılım Şemsiye Fonu","2","0","11.06","-"
"CVK","INVEO PORTFÖY ÇOKLU VARLIK KATILIM FONU","Katılım Şemsiye Fonu","1.75","1.75","44.2","3.65"
"DAH","DENİZ PORTFÖY HİSSE SENEDİ FONU (HİSSE SENEDİ YOĞUN FON)","Hisse Senedi Şemsiye Fonu","2.92","0","3.22","3.65"
"DAS","DENİZ PORTFÖY ONİKİNCİ SERBEST (DÖVİZ) FON","Serbest Şemsiye Fonu","0.75","0.75","22.24","-"
"DBA","DENİZ PORTFÖY ALTIN FONU","Kıymetli Madenler Şemsiye Fonu","2","0","67.69","2.19"
"DBB","DENİZ PORTFÖY BORÇLANMA ARAÇLARI FONU","Borçlanma Araçları Şemsiye Fonu","2","2","34.05","3.65"
"DBH","DENİZ PORTFÖY EUROBOND (DÖVİZ) BORÇLANMA ARAÇLARI FONU","Borçlanma Araçları Şemsiye Fonu","1.75","1.75","31.69","3.65"
"DBK","DENİZ PORTFÖY KISA VADELİ BORÇLANMA ARAÇLARI (TL) FONU","Borçlanma Araçları Şemsiye Fonu","2.4","0","58.02","2.56"
"DBP","DENİZ PORTFÖY BİRİNCİ DEĞİŞKEN FON","Değişken Şemsiye Fonu","2","0","21.61","3.65"
"DBZ","DENİZ PORTFÖY ÖZEL SEKTÖR BORÇLANMA ARAÇLARI FONU","Borçlanma Araçları Şemsiye Fonu","2","0","56.95","3.65"
"DCB","DENİZ PORTFÖY PARA PİYASASI SERBEST (TL) FON","Serbest Şemsiye Fonu","0.4","0.4","61.42","-"
"DDA","DENİZ PORTFÖY BANKACILIK SEKTÖRÜ HİSSE SENEDİ SERBEST FON (HİSSE SENEDİ YOĞUN FON)","Serbest Şemsiye Fonu","2","2","-0.03","0"
"DDF","DENİZ PORTFÖY DİNAMO SERBEST FON","Serbest Şemsiye Fonu","0.6","0.6","106.65","0"
"DEF","ALLBATROSS PORTFÖY DEFNE SERBEST FON","Serbest Şemsiye Fonu","2.25","0","30.34","-"
"DFC","DENİZ PORTFÖY TARIM VE GIDA DEĞİŞKEN FON","Değişken Şemsiye Fonu","2","2","-1.38","3.65"
"DFD","DENİZ PORTFÖY EMTİA SERBEST FON","Serbest Şemsiye Fonu","2.5","2.5","9.86","-"
"DFI","ATLAS PORTFÖY SERBEST FON","Serbest Şemsiye Fonu","2","2","26.36","0"
"DGH","ATA PORTFÖY ÜÇÜNCÜ SERBEST (TL) FONU","Serbest Şemsiye Fonu","0.95","0.95","57.76","-"
"DHJ","DENİZ PORTFÖY TEKNOLOJİ ŞİRKETLERİ HİSSE SENEDİ FONU (HİSSE SENEDİ YOĞUN FON)","Hisse Senedi Şemsiye Fonu","2.75","2.75","-12.39","3.65"
"DHM","DENİZ PORTFÖY ESG-SÜRDÜRÜLEBİLİRLİK FON SEPETİ FONU","Fon Sepeti Şemsiye Fonu","2","2","9.51","4.38"
"DKH","DENİZ PORTFÖY KATILIM HİSSE SENEDİ (TL) FONU (HİSSE SENEDİ YOĞUN FON)","Hisse Senedi Şemsiye Fonu","2.75","0","11.14","3.65"
"DKL","DENİZ PORTFÖY BİRİNCİ KATILIM SERBEST (DÖVİZ) FON","Serbest Şemsiye Fonu","0.3","0","0","-"
"DKR","DENİZ PORTFÖY ONDÖRDÜNCÜ SERBEST FON","Serbest Şemsiye Fonu","2.92","2.92","0","-"
"DL2","DENİZ PORTFÖY İKİNCİ PARA PİYASASI (TL) FONU","Para Piyasası Şemsiye Fonu","0.4","0.75","0","-"
"DLD","DENİZ PORTFÖY SÜRDÜRÜLEBİLİRLİK HİSSE SENEDİ FONU (HİSSE SENEDİ YOĞUN FON)","Hisse Senedi Şemsiye Fonu","2","2","1.85","3.65"
"DLY","DENİZ PORTFÖY PARA PİYASASI (TL) FONU","Para Piyasası Şemsiye Fonu","1.45","0","59.7","1.65"
"DMG","DENİZ PORTFÖY GÜMÜŞ FON SEPETİ FONU","Fon Sepeti Şemsiye Fonu","2","2","39.61","4.38"
"DNK","TACİRLER PORTFÖY DENGE KATILIM SERBEST FON","Serbest Şemsiye Fonu","3","3","0","-"
"DNM","QNB PORTFÖY DİNAMİK DAĞILIMLI SERBEST (DÖVİZ) FON","Serbest Şemsiye Fonu","1.5","1.5","0","-"
"DOL","AKTİF PORTFÖY ÜÇÜNCÜ AKTİF SERBEST (DÖVİZ) FON","Serbest Şemsiye Fonu","0.75","0.75","22.23","-"
"DOV","DENİZ PORTFÖY ONÜÇÜNCÜ SERBEST (DÖVİZ-AVRO) FON","Serbest Şemsiye Fonu","0.6","0.6","30.33","-"
"DPB","DENİZ PORTFÖY SERBEST (DÖVİZ) FON","Serbest Şemsiye Fonu","1","2","34.98","0"
"DPK","DENİZ PORTFÖY KİRA SERTİFİKALARI KATILIM (TL) FONU","Katılım Şemsiye Fonu","1.1","0","51.83","3.65"
"DPT","DENİZ PORTFÖY BİST TEMETTÜ 25 ENDEKSİ HİSSE SENEDİ FONU ( HİSSE SENEDİ YOĞUN FON )","Hisse Senedi Şemsiye Fonu","1.9","0","-7.06","2.19"
"DSD","DENİZ PORTFÖY İKİNCİ SERBEST (DÖVİZ_AVRO) FON","Serbest Şemsiye Fonu","1","1","33.74","0"
"DSP","DENİZ PORTFÖY DENGELİ FON SEPETİ FONU","Fon Sepeti Şemsiye Fonu","1","0","31.81","4.38"
"DTL","DENİZ PORTFÖY BIST 100 DIŞI ŞİRKETLER HİSSE SENEDİ (TL) FONU (HİSSE SENEDİ YOĞUN FON)","Hisse Senedi Şemsiye Fonu","2.75","2.75","0.54","3.65"
"DTZ","AK PORTFÖY ROBOTİK TEKNOLOJİLER DEĞİŞKEN FON","Değişken Şemsiye Fonu","2.9","2.9","5.61","3.65"
"DUH","HEDEF PORTFÖY UFUK HİSSE SENEDİ SERBEST FON (HİSSE SENEDİ YOĞUN FON)","Serbest Şemsiye Fonu","3","3","0","-"
"DUV","DENİZ PORTFÖY UZUN VADELİ BORÇLANMA ARAÇLARI FONU","Borçlanma Araçları Şemsiye Fonu","2","2","0","-"
"DVT","DENİZ PORTFÖY METAVERSE VE DİJİTAL YAŞAM TEKNOLOJİLERİ DEĞİŞKEN FON","Değişken Şemsiye Fonu","2","2","19.13","3.65"
"DXP","DENİZ PORTFÖY İHRACATÇI ŞİRKETLER HİSSE SENEDİ FONU (HİSSE SENEDİ YOĞUN FON)","Hisse Senedi Şemsiye Fonu","2.9","0","-0.47","-"
"DYN","DENİZ PORTFÖY ELEKTRİKLİ VE OTONOM ARAÇ TEKNOLOJİLERİ DEĞİŞKEN FON","Değişken Şemsiye Fonu","2","2","2.54","3.65"
"DZE","DENİZ PORTFÖY BIST 100 ENDEKSİ HİSSE SENEDİ FONU(HİSSE SENEDİ YOĞUN FON)","Hisse Senedi Şemsiye Fonu","1.9","0","-0.54","2.19"
"DZM","DENİZ PORTFÖY BEŞİNCİ SERBEST (DÖVİZ) FON","Serbest Şemsiye Fonu","1.5","2","34.81","0"
"EBD","GLOBAL MD PORTFÖY İKİNCİ DEĞİŞKEN FON","Değişken Şemsiye Fonu","1.94","1.94","33.15","3.65"
"EC2","GLOBAL MD PORTFÖY BİRİNCİ HİSSE SENEDİ FONU(HİSSE SENEDİ YOĞUN FON)","Hisse Senedi Şemsiye Fonu","2.74","2.74","2.54","3.65"
"ECA","GLOBAL MD PORTFÖY BİRİNCİ DEĞİŞKEN FON","Değişken Şemsiye Fonu","1.94","1.94","22.32","3.65"
"EDT","DENİZ PORTFÖY TED EĞİTİME DESTEK SERBEST FON","Serbest Şemsiye Fonu","2","0","0","-"
"EDU","İŞ PORTFÖY TEV EĞİTİME DESTEK DEĞİŞKEN FON","Değişken Şemsiye Fonu","2","0","30.38","-"
"EIB","QİNVEST PORTFÖY DEĞİŞKEN FON","Değişken Şemsiye Fonu","2.089625","2.089625","45.61","3.65"
"EIC","QİNVEST PORTFÖY İKİNCİ DEĞİŞKEN FONU","Değişken Şemsiye Fonu","2.089625","2.089625","39.8","3.65"
"EID","QİNVEST PORTFÖY HİSSE SENEDİ FONU (HİSSE YOĞUN FON)","Hisse Senedi Şemsiye Fonu","3","3","4.22","3.65"
"EIL","QİNVEST PORTFÖY PARA PİYASASI FONU","Para Piyasası Şemsiye Fonu","0.79935","0.79935","60.41","1.28"
"EKF","QİNVEST PORTFÖY KİRA SERTİFİKASI KATILIM (TL) FONU","Katılım Şemsiye Fonu","1.25195","1.25195","55.97","3.65"
"ELZ","QİNVEST PORTFÖY KATILIM HİSSE SENEDİ FONU (HİSSE SENEDİ YOĞUN FON)","Hisse Senedi Şemsiye Fonu","3","3","9.02","3.65"
"ENJ","AKTİF PORTFÖY ENERJİ ŞİRKETLERİ HİSSE SENEDİ (TL) FONU (HİSSE SENEDİ YOĞUN FON)","Hisse Senedi Şemsiye Fonu","2.85","2.85","0","-"
"ESG","AKTİF PORTFÖY ESG SÜRDÜRÜLEBİLİRLİK SERBEST FON","Serbest Şemsiye Fonu","2","2","15.27","0"
"ESP","AURA PORTFÖY EMTİA SERBEST FON","Serbest Şemsiye Fonu","2","0","-20.15","-"
"EUN","GARANTİ PORTFÖY İKİNCİ SERBEST (DÖVİZ-AVRO) FON","Serbest Şemsiye Fonu","0.8","0.8","0","-"
"EUZ","GARANTİ PORTFÖY SERBEST (DÖVİZ-AVRO) FON","Serbest Şemsiye Fonu","0.6","0.6","29.46","0"
"EYT","AKTİF PORTFÖY İKİNCİ FON SEPETİ FONU","Fon Sepeti Şemsiye Fonu","1","1","31.86","-"
"FBC","FONERİA PORTFÖY KAR PAYI ÖDEYEN KATILIM FONU","Katılım Şemsiye Fonu","3","3","16.65","1.65"
"FBI","FİBA PORTFÖY BİRİNCİ SERBEST (DÖVİZ) FON","Serbest Şemsiye Fonu","1.06","1.06","21.43","-"
"FBV","İŞ PORTFÖY MODEL SERBEST FON","Serbest Şemsiye Fonu","1.2","0","40.47","-"
"FBZ","FİBA PORTFÖY KAR PAYI ÖDEYEN SERBEST FON","Serbest Şemsiye Fonu","1.75","1.75","29.35","0"
"FCK","FONERİA PORTFÖY ÇOKLU VARLIK KATILIM FONU","Katılım Şemsiye Fonu","1","1","16.01","-"
"FD1","FONERİA PORTFÖY BİRİNCİ DEĞİŞKEN FON","Değişken Şemsiye Fonu","2.5","2.5","0","-"
"FDG","FONMAP PORTFÖY BİRİNCİ DEĞİŞKEN FON","Değişken Şemsiye Fonu","1.5","1.5","56.33","-"
"FFH","QNB PORTFÖY ÇOKLU VARLIK KATILIM FONU","Katılım Şemsiye Fonu","1.95","1.95","39.55","3.65"
"FFP","QNB PORTFÖY FON SEPETİ FONU","Fon Sepeti Şemsiye Fonu","1","1","40.71","4.38"
"FI3","QNB PORTFÖY BORÇLANMA ARAÇLARI FONU","Borçlanma Araçları Şemsiye Fonu","1.7885","1.7885","30.89","3.65"
"FIB","FİBA PORTFÖY ALTIN FONU","Kıymetli Madenler Şemsiye Fonu","1.5","1.5","73.03","2.19"
"FID","FİBA PORTFÖY ÇOKLU VARLIK İKİNCİ DEĞİŞKEN FON","Değişken Şemsiye Fonu","2.92","2.92","6.81","3.65"
"FIL","FİBA PORTFÖY PARA PİYASASI (TL) FONU","Para Piyasası Şemsiye Fonu","1.2","1.2","59.61","1.65"
"FIT","FİBA PORTFÖY BORÇLANMA ARAÇLARI (TL) FONU","Borçlanma Araçları Şemsiye Fonu","1.19","1.19","22.96","3.65"
"FJB","FİBA PORTFÖY BLOK ZİNCİRİ TEKNOLOJİLERİ SERBEST FON","Serbest Şemsiye Fonu","2.92","2.92","24.31","0"
"FJZ","FİBA PORTFÖY FIRTINA SERBEST (DÖVİZ) FON","Serbest Şemsiye Fonu","0.75","0.75","26.9","0"
"FKE","QNB PORTFÖY KRİSTAL SERBEST (DÖVİZ-AVRO) FON","Serbest Şemsiye Fonu","0.65","0.65","29.21","0"
"FLS","YAPI KREDİ PORTFÖY FLORYA SERBEST (DÖVİZ-AVRO) FON","Serbest Şemsiye Fonu","0.75","0.75","0","-"
"FLY","AKTİF PORTFÖY HAVACILIK VE SAVUNMA TEKNOLOJİLERİ DEĞİŞKEN FON","Değişken Şemsiye Fonu","2","2","0","-"
"FMG","QNB PORTFÖY GÜMÜŞ SERBEST FON","Serbest Şemsiye Fonu","2","2","0","-"
"FMR","FİBA PORTFÖY MART 2025 SERBEST (DÖVİZ) FON","Serbest Şemsiye Fonu","0.25","0.25","0","0"
"FNO","QNB PORTFÖY BİRİNCİ DEĞİŞKEN FON","Değişken Şemsiye Fonu","2.0075","2.0075","41.24","3.65"
"FNT","HEDEF PORTFÖY MODEL HİSSE SENEDİ SERBEST (TL) FON (HİSSE SENEDİ YOĞUN FON)","Serbest Şemsiye Fonu","3","3","6.95","-"
"FPE","FİBA PORTFÖY EUROBOND BORÇLANMA ARAÇLARI (DÖVİZ) FONU","Borçlanma Araçları Şemsiye Fonu","1.095","1.095","25.74","3.65"
"FPG","FİBA PORTFÖY GÜMÜŞ SERBEST FON","Serbest Şemsiye Fonu","1.75","1.75","0","-"
"FPH","FİBA PORTFÖY HİSSE SENEDİ (TL) FONU (HİSSE SENEDİ YOĞUN FON)","Hisse Senedi Şemsiye Fonu","3.103","3.103","5.1","3.65"
"FPI","FONMAP PORTFÖY BİRİNCİ PARA PİYASASI (TL) FONU","Para Piyasası Şemsiye Fonu","1","1","0","-"
"FPK","FİBA PORTFÖY KISA VADELİ BORÇLANMA ARAÇLARI (TL) FONU","Borçlanma Araçları Şemsiye Fonu","2.1","2.1","54.13","2.56"
"FPZ","QNB PORTFÖY BİRİNCİ SERBEST (DÖVİZ) FON","Serbest Şemsiye Fonu","1.3","1.3","22.07","0"
"FRC","FONMAP PORTFÖY BİRİNCİ HİSSE SENEDİ SERBEST FON (HİSSE SENEDİ YOĞUN FON)","Serbest Şemsiye Fonu","2","2","0","-"
"FS5","FONERİA PORTFÖY BİRİNCİ İSTATİSTİKSEL ARBİTRAJ HİSSE SENEDİ SERBEST FON(HİSSE SENEDİ YOĞUN FON)","Serbest Şemsiye Fonu","3.5","3.5","63.75","-"
"FS6","FONERİA PORTFÖY İKİNCİ İSTATİSTİKSEL ARBİTRAJ SERBEST FON","Serbest Şemsiye Fonu","3","3","0","-"
"FSF","FİBA PORTFÖY PARA PİYASASI SERBEST (TL) FON","Serbest Şemsiye Fonu","1.2","1.2","60.45","0"
"FSG","FİBA PORTFÖY BİRİNCİ HİSSE SENEDİ SERBEST FON (HİSSE SENEDİ YOĞUN FON)","Serbest Şemsiye Fonu","3.4","3.4","2.66","0"
"FSH","FİBA PORTFÖY FON SEPETİ SERBEST FON","Serbest Şemsiye Fonu","2.95","2.95","18.17","0"
"FSK","QNB PORTFÖY İKİNCİ PARA PİYASASI (TL) FONU","Para Piyasası Şemsiye Fonu","1.3","1.3","58.25","0"
"FSR","FİBA PORTFÖY İKİNCİ SERBEST (DÖVİZ-AVRO) FON","Serbest Şemsiye Fonu","0.993","0.993","29.72","-"
"FTF","FONERİA PORTFÖY TEKNOLOJİ FON SEPETİ FONU","Fon Sepeti Şemsiye Fonu","2.9","2.9","0","-"
"FUA","AK PORTFÖY İHRACATÇI ŞİRKETLER HİSSE SENEDİ (TL) FONU (HİSSE SENEDİ YOĞUN FON)","Hisse Senedi Şemsiye Fonu","2.9","2.9","-5.31","3.65"
"FUB","QNB PORTFÖY EUROBOND (DÖVİZ) BORÇLANMA ARAÇLARI FONU","Borçlanma Araçları Şemsiye Fonu","1.75","1.75","26.51","3.65"
"FYD","QNB PORTFÖY BİRİNCİ HİSSE SENEDİ FONU (HİSSE SENEDİ YOĞUN FON)","Hisse Senedi Şemsiye Fonu","2.74","2.74","6.54","3.65"
"FYI","AZİMUT PORTFÖY 4.0 SERBEST FON","Serbest Şemsiye Fonu","3.2","0","28.61","-"
"FYO","QNB PORTFÖY ÖZEL SEKTÖR BORÇLANMA ARAÇLARI FONU","Borçlanma Araçları Şemsiye Fonu","1.5","1.5","56.12","3.65"
"FZJ","FİBA PORTFÖY BİRİNCİ FON SEPETİ FONU","Fon Sepeti Şemsiye Fonu","2.28","2.28","39.97","4.38"
"FZP","FİBA PORTFÖY SERBEST FON","Serbest Şemsiye Fonu","1.2","1.2","58.12","0"
"GA1","GARANTİ PORTFÖY BORÇLANMA ARAÇLARI FONU","Borçlanma Araçları Şemsiye Fonu","2.5","2.5","37.84","3.65"
"GAE","GARANTİ PORTFÖY BİST30 ENDEKSİ HİSSE SENEDİ (TL) FONU (HİSSE SENEDİ YOĞUN FON)","Hisse Senedi Şemsiye Fonu","2.051","2.051","0.77","2.19"
"GAF","INVEO PORTFÖY BİRİNCİ HİSSE SENEDİ FONU (HİSSE SENEDİ YOĞUN FON)","Hisse Senedi Şemsiye Fonu","2.5","2.5","8.62","3.65"
"GAG","INVEO PORTFÖY BİRİNCİ SERBEST (DÖVIZ)  FON","Serbest Şemsiye Fonu","1","1","22.09","0"
"GAH","GARANTİ PORTFÖY MUTLAK GETİRİ HEDEFLİ DEĞİŞKEN FON","Değişken Şemsiye Fonu","2.7","2.7","47.4","3.65"
"GAK","INVEO PORTFÖY KARMA FON","Karma Şemsiye Fonu","2.5","2.5","19.28","3.65"
"GAS","GARANTİ PORTFÖY ÜÇÜNCÜ SERBEST(DÖVİZ) FON","Serbest Şemsiye Fonu","1","1","23.18","0"
"GBC","AZİMUT PYŞ YABANCI BYF FON SEPETİ FONU","Fon Sepeti Şemsiye Fonu","2.5","2.5","3.61","4.38"
"GBG","INVEO PORTFÖY G-20 ÜLKELERİ YABANCI HİSSE SENEDİ FONU","Hisse Senedi Şemsiye Fonu","2.5","2.5","14.28","3.65"
"GBH","GARANTİ PORTFÖY BİRİNCİ HİSSE SENEDİ SERBEST FON (HİSSE SENEDİ YOĞUN FON)","Serbest Şemsiye Fonu","3.2","3.2","3.24","0"
"GBJ","GARANTİ PORTFÖY BANKACILIK SEKTÖRÜ HİSSE SENEDİ SERBEST FON (HİSSE SENEDİ YOĞUN FON)","Serbest Şemsiye Fonu","3.2","3.2","0","-"
"GBL","AZİMUT PYŞ KISA VADELİ BORÇLANMA ARAÇLARI FONU","Borçlanma Araçları Şemsiye Fonu","2.4","0","58.11","2.19"
"GBN","GARANTİ PORTFÖY BEŞİNCİ (TL) SERBEST FON","Serbest Şemsiye Fonu","1.5","1.5","60.15","0"
"GBV","GARANTİ PORTFÖY BLOCKCHAİN TEKNOLOJİLERİ DEĞİŞKEN FON","Değişken Şemsiye Fonu","2.7","2.7","28.68","3.65"
"GBZ","AZİMUT PORTFÖY EMTİA FON SEPETİ FONU","Fon Sepeti Şemsiye Fonu","2.75","0","21.73","4.38"
"GGK","INVEO PORTFÖY ALTIN FON","Kıymetli Madenler Şemsiye Fonu","1.5","1.5","71.8","2.19"
"GHS","GARANTİ PORTFÖY HİSSE SENEDİ (TL) FONU (HİSSE SENEDİ YOĞUN FON)","Hisse Senedi Şemsiye Fonu","3.2","3.2","8.14","3.65"
"GID","GARANTİ PORTFÖY İNŞAAT SEKTÖRÜ DEĞİŞKEN FON","Değişken Şemsiye Fonu","2.9","2.9","0","-"
"GIE","GARANTİ PORTFÖY GARANTİ BBVA İKLİM ENDEKSİ HİSSE SENEDİ (TL) FONU (HİSSE SENEDİ YOĞUN FON)","Hisse Senedi Şemsiye Fonu","2","2","4.79","2.19"
"GIH","ALLBATROSS PORTFÖY GIDA VE İÇECEK SEKTÖRÜ HİSSE SENEDİ FONU (HİSSE SENEDİ YOĞUN FON)","Hisse Senedi Şemsiye Fonu","2.7","0","-16.33","3.65"
"GJB","INVEO PORTFÖY BİRİNCİ FON SEPETİ FONU","Fon Sepeti Şemsiye Fonu","0.5","0.5","21.65","4.38"
"GKF","GLOBAL MD PORTFÖY KATILIM FONU","Katılım Şemsiye Fonu","1.9","1.9","15.44","3.65"
"GKG","GARANTİ PORTFÖY KAR PAYI ÖDEYEN HİSSE SENEDİ (TL) FONU (HİSSE SENEDİ YOĞUN FON)","Hisse Senedi Şemsiye Fonu","3.2","3.2","0","-"
"GKH","GARANTİ PORTFÖY PARA PİYASASI KATILIM SERBEST (TL) FON","Serbest Şemsiye Fonu","1","1","56.01","0"
"GKS","INVEO PORTFÖY İKİNCİ SERBEST FON","Serbest Şemsiye Fonu","2.5","2.5","67.96","0"
"GKV","GARANTİ PORTFÖY KATILIM HİSSE SENEDİ (TL) FONU (HİSSE SENEDİ YOĞUN FON)","Hisse Senedi Şemsiye Fonu","3.2","3.2","5.68","3.65"
"GL1","AZİMUT PYŞ BİRİNCİ HİSSE SENEDİ FONU (HİSSE SENEDİ YOĞUN FON)","Hisse Senedi Şemsiye Fonu","3.2025","0","4.76","3.65"
"GLC","AKTİF PORTFÖY ÜÇÜNCÜ FON SEPETİ FONU","Fon Sepeti Şemsiye Fonu","1.9","0","37.01","4.38"
"GLG","AKTİF PORTFÖY CAPİTAL HİSSE SENEDİ SERBEST FON (HİSSE SENEDİ YOĞUN FON)","Serbest Şemsiye Fonu","2.9","0","11.64","0"
"GLS","AZİMUT PORTFÖY  KİRA SERTİFİKALARI (SUKUK) KATILIM FONU","Katılım Şemsiye Fonu","2.4","0","48.9","3.65"
"GMA","AZİMUT PORTFÖY ÇOKLU VARLIK DEĞİŞKEN FON","Değişken Şemsiye Fonu","3.2025","0","15.65","3.65"
"GMC","TEB PORTFÖY GÜMÜŞ FON SEPETİ FONU","Fon Sepeti Şemsiye Fonu","2.19","2.19","36.82","4.38"
"GMD","GLOBAL MD PORTFÖY BİRİNCİ FON SEPETİ FONU","Fon Sepeti Şemsiye Fonu","1.75","1.75","21.73","4.38"
"GMR","INVEO PORTFÖY İKİNCİ HİSSE SENEDİ FONU (HİSSE SENEDİ YOĞUN FON)","Hisse Senedi Şemsiye Fonu","2.5","2.5","-13.27","3.65"
"GNS","GARANTİ PORTFÖY ENERJİ ŞİRKETLERİ HİSSE SENEDİ (TL) FONU (HİSSE SENEDİ YOĞUN FON)","Hisse Senedi Şemsiye Fonu","3.2","3.2","0","-"
"GO1","FONERİA PORTFÖY BİRİNCİ FON SEPETİ FONU","Fon Sepeti Şemsiye Fonu","2.6","2.6","57.3","4.38"
"GO2","FONERİA PORTFÖY KATILIM FON SEPETİ FONU","Fon Sepeti Şemsiye Fonu","2.6","2.6","46.69","4.38"
"GO3","FONERİA PORTFÖY ÜÇÜNCÜ FON SEPETİ FONU","Fon Sepeti Şemsiye Fonu","2.6","2.6","28.04","4.38"
"GO4","FONERİA PORTFÖY DÖRDÜNCÜ FON SEPETİ FONU","Fon Sepeti Şemsiye Fonu","2.6","2.6","24.09","4.38"
"GO6","FONERİA PORTFÖY PARA PİYASASI (TL) FONU","Para Piyasası Şemsiye Fonu","1.25","1.25","61.23","1.65"
"GO9","FONERİA PORTFÖY BİRİNCİ HİSSE SENEDİ FONU (HİSSE SENEDİ YOĞUN FON)","Hisse Senedi Şemsiye Fonu","3.15","3.15","9.47","-"
"GOH","GARANTİ PORTFÖY BIST 100 DIŞI ŞİRKETLER HİSSE SENEDİ (TL) FONU (HİSSE SENEDİ YOĞUN FON)","Hisse Senedi Şemsiye Fonu","3.2","3.2","7.84","3.65"
"GOL","GARANTİ PORTFÖY ALTIN KATILIM FONU","Katılım Şemsiye Fonu","1.95","1.95","64.92","-"
"GPA","GARANTİ PORTFÖY EUROBOND BORÇLANMA ARAÇLARI (DÖVİZ) FONU","Borçlanma Araçları Şemsiye Fonu","2.9","2.9","26.25","3.65"
"GPB","GARANTİ PORTFÖY BİRİNCİ DEĞİŞKEN FON","Değişken Şemsiye Fonu","2.5","2.5","50.65","3.65"
"GPC","GARANTİ PORTFÖY İKİNCİ SERBEST ( DÖVİZ ) FON","Serbest Şemsiye Fonu","1","1","26.52","0"
"GPF","GARANTİ PORTFÖY ÇOKLU VARLIK KATILIM FONU","Katılım Şemsiye Fonu","1.83","1.83","35.01","3.65"
"GPG","INVEO PORTFÖY BİRİNCİ DEĞİŞKEN FON","Değişken Şemsiye Fonu","2.28","2.28","19.64","3.65"
"GPI","GARANTİ PORTFÖY İKİNCİ DEĞİŞKEN FON","Değişken Şemsiye Fonu","2.5","2.5","44.76","3.65"
"GPL","GARANTİ PORTFÖY BİRİNCİ SERBEST (DÖVİZ) FON","Serbest Şemsiye Fonu","1","1","20.45","0"
"GPT","AKTİF PORTFÖY ROBOTİK TEKNOLOJİLERİ DEĞİŞKEN FON","Değişken Şemsiye Fonu","2","2","19.27","-"
"GPU","GARANTİ PORTFÖY ÜÇÜNCÜ DEĞİŞKEN FON","Değişken Şemsiye Fonu","2.5","2.5","40.15","3.65"
"GPZ","GARANTİ PORTFÖY ÜÇÜNCÜ PARA PİYASASI FONU","Para Piyasası Şemsiye Fonu","0.95","0.95","0","1.65"
"GRL","QNB PORTFÖY AGRESİF SERBEST FON","Serbest Şemsiye Fonu","2.5","2.5","0","-"
"GRO","GARANTİ PORTFÖY OTUZUNCU SERBEST (DÖVİZ) FON","Serbest Şemsiye Fonu","0.8","0.8","21.81","0"
"GRT","GARANTİ PORTFÖY TEKNOLOJİ ŞİRKETLERİ HİSSE SENEDİ (TL) FONU (HİSSE SENEDİ YOĞUN FON)","Hisse Senedi Şemsiye Fonu","3.2","3.2","0","-"
"GSM","INVEO PORTFÖY SMART ALGO SERBEST FON","Serbest Şemsiye Fonu","2.75","2.75","30.91","0"
"GSP","AZİMUT PYŞ KAR PAYI ÖDEYEN HİSSE SENEDİ FONU (HİSSE SENEDİ YOĞUN FON)","Hisse Senedi Şemsiye Fonu","3.2025","0","15.2","3.65"
"GTA","GARANTİ PORTFÖY ALTIN FONU","Kıymetli Madenler Şemsiye Fonu","1.95","1.95","60.49","2.19"
"GTF","AZİMUT PYŞ BİRİNCİ BORÇLANMA ARAÇLARI FONU","Borçlanma Araçları Şemsiye Fonu","3","0","42.16","3.65"
"GTH","GARANTİ PORTFÖY İHRACATÇI ŞİRKETLER HİSSE SENEDİ (TL) FONU (HİSSE SENEDİ YOĞUN FON)","Hisse Senedi Şemsiye Fonu","3.2","3.2","0","-"
"GTM","GARANTİ PORTFÖY TEMETTÜ ÖDEYEN ŞİRKETLER HİSSE SENEDİ (TL) FONU (HİSSE SENEDİ YOĞUN FON)","Hisse Senedi Şemsiye Fonu","3.2","3.2","7.09","3.65"
"GTY","GARANTİ PORTFÖY TREND SERBEST FON","Serbest Şemsiye Fonu","2","2","25.93","0"
"GTZ","GARANTİ PORTFÖY GÜMÜŞ FON SEPETİ FONU","Fon Sepeti Şemsiye Fonu","2.9","2.9","41.36","4.38"
"GUB","GARANTİ PORTFÖY ÖZEL SEKTÖR BORÇLANMA ARAÇLARI FONU","Borçlanma Araçları Şemsiye Fonu","2","2","0","-"
"GUH","GARANTİ PORTFÖY YABANCI TEKNOLOJİ HİSSE SENEDİ FONU","Hisse Senedi Şemsiye Fonu","3","3","7.56","4.38"
"GUM","AK PORTFÖY GÜMÜŞ FON SEPETI FONU","Fon Sepeti Şemsiye Fonu","2.9","2.9","36.08","4.38"
"GUV","GARANTİ PORTFÖY UZUN VADELİ BORÇLANMA ARAÇLARI FONU","Borçlanma Araçları Şemsiye Fonu","2","2","0","-"
"GVA","GARANTİ PORTFÖY ELEKTRİKLİ VE OTONOM ARAÇLAR DEĞİŞKEN FON","Değişken Şemsiye Fonu","2.7","2.7","2.44","3.65"
"GVI","GARANTİ PORTFÖY ÜÇÜNCÜ FON SEPETİ FONU","Fon Sepeti Şemsiye Fonu","1.9","1.9","24.15","4.38"
"GYK","INVEO PORTFÖY BORÇLANMA ARAÇLARI (TL) FONU","Borçlanma Araçları Şemsiye Fonu","1.5","1.5","49.24","3.65"
"GZE","GARANTİ PORTFÖY EMTİA SERBEST FON","Serbest Şemsiye Fonu","3","3","23.01","0"
"GZG","GARANTİ PORTFÖY SAĞLIK SEKTÖRÜ DEĞİŞKEN FON","Değişken Şemsiye Fonu","2.7","2.7","16.56","3.65"
"GZH","GARANTİ PORTFÖY TEMİZ ENERJİ DEĞİŞKEN FON","Değişken Şemsiye Fonu","2.7","2.7","-3.73","3.65"
"GZJ","GARANTİ PORTFÖY İKİNCİ FON SEPETİ FONU","Fon Sepeti Şemsiye Fonu","1.9","1.9","38","4.38"
"GZL","GARANTİ PORTFÖY TARIM VE GIDA SEKTÖRÜ DEĞİŞKEN FON","Değişken Şemsiye Fonu","2.7","2.7","0.87","3.65"
"GZM","GLOBAL MD PORTFÖY DİNAMİK SERBEST (TL) FON","Serbest Şemsiye Fonu","2.4","2.4","-4.51","0"
"GZN","GLOBAL MD PORTFÖY BOĞAZİÇİ SERBEST FON","Serbest Şemsiye Fonu","2.5","2.5","10.48","0"
"GZP","GARANTİ PORTFÖY BİRİNCİ FON SEPETİ FONU","Fon Sepeti Şemsiye Fonu","1.9","1.9","43.71","4.38"
"GZR","GARANTİ PORTFÖY SÜRDÜRÜLEBİLİRLİK HİSSE SENEDİ (TL) FONU (HİSSE SENEDİ YOĞUN FON)","Hisse Senedi Şemsiye Fonu","2.2","2.2","4.09","3.65"
"GZV","GARANTİ PORTFÖY ESG SÜRDÜRÜLEBİLİRLİK FON SEPETİ FONU","Fon Sepeti Şemsiye Fonu","2.9","2.9","15.65","4.38"
"GZY","GARANTİ PORTFÖY TURİZM VE SEYAHAT SEKTÖRÜ DEĞİŞKEN FON","Değişken Şemsiye Fonu","2.7","2.7","19.93","3.65"
"GZZ","GARANTİ PORTFÖY FİNANS SEKTÖRÜ DEĞİŞKEN FON","Değişken Şemsiye Fonu","2","2","22.21","3.65"
"HAM","HEDEF PORTFÖY ALTIN KATILIM FONU","Katılım Şemsiye Fonu","1.5","1.5","0","-"
"HAT","HEDEF PORTFÖY ATLAS İSTATİSTİKSEL ARBİTRAJ HİSSE SENEDİ SERBEST FON (HİSSE SENEDİ YOĞUN FON)","Serbest Şemsiye Fonu","3","3","0","-"
"HBF","HSBC PORTFÖY ALTIN FONU","Kıymetli Madenler Şemsiye Fonu","1.8","1.8","72.94","2.19"
"HBN","HSBC PORTFÖY BİRİNCİ FON SEPETİ FONU","Fon Sepeti Şemsiye Fonu","2","2","29.66","4.38"
"HBU","HSBC PORTFÖY BİST 30 ENDEKSİ HİSSE SENEDİ FONU (HİSSE SENEDİ YOĞUN FON)","Hisse Senedi Şemsiye Fonu","1","1","0.57","2.19"
"HDA","HEDEF PORTFÖY DÖRDÜNCÜ İSTATİSTİKSEL ARBİTRAJ HİSSE SENEDİ SERBEST (TL) FON (HİSSE SENEDİ YOĞUN FON)","Serbest Şemsiye Fonu","3.5","3.5","60.77","-"
"HDK","HEDEF PORTFÖY VEGA İSTATİSTİKSEL ARBİTRAJ HİSSE SENEDİ SERBEST FON (HİSSE SENEDİ YOĞUN FON)","Serbest Şemsiye Fonu","5","5","52.1","-"
"HEH","HEDEF PORTFÖY ALGO EVEREST İSTATİSTİKSEL ARBİTRAJ HİSSE SENEDİ SERBEST FON (HİSSE SENEDİ YOĞUN FON)","Serbest Şemsiye Fonu","4.5","4.5","64.14","-"
"HFI","HEDEF PORTFÖY İKİNCİ KATILIM HİSSE SENEDİ SERBEST FON (HİSSE SENEDİ YOĞUN FON)","Serbest Şemsiye Fonu","2","2","0","-"
"HGM","HEDEF PORTFÖY İKİNCİ HİSSE SENEDİ (TL) FONU (HİSSE SENEDİ YOĞUN FON)","Hisse Senedi Şemsiye Fonu","2.7","2.7","13.64","3.65"
"HGV","HEDEF PORTFÖY BİRİNCİ SERBEST FON","Serbest Şemsiye Fonu","2","2","44.07","-"
"HIZ","AZİMUT PORTFÖY DİNAMİK DEĞİŞKEN FON","Değişken Şemsiye Fonu","2.35","0","0","-"
"HJB","HEDEF PORTFÖY BİRİNCİ DEĞİŞKEN FON","Değişken Şemsiye Fonu","3","3","24.4","3.65"
"HKG","ZİRAAT PORTFÖY HALK'IN ÜRETEN KADINLARI DEĞİŞKEN FON","Değişken Şemsiye Fonu","2.25","2.25","0","-"
"HKH","HEDEF PORTFÖY KATILIM HİSSE SENEDİ (TL) FONU (HİSSE SENEDİ YOĞUN FON)","Hisse Senedi Şemsiye Fonu","2.7","2.7","6.19","3.65"
"HKM","HEDEF PORTFÖY BAŞAK HİSSE SENEDİ SERBEST (TL) FON (HİSSE SENEDİ YOĞUN FON)","Serbest Şemsiye Fonu","3","3","-12.11","-"
"HKR","HSBC PORTFÖY KIRMIZI HİSSE SENEDİ SERBEST (TL) FON (HİSSE SENEDİ YOĞUN FON)","Serbest Şemsiye Fonu","2.9","2.9","3.78","-"
"HMC","HEDEF PORTFÖY EKİNOKS SERBEST (TL) FON","Serbest Şemsiye Fonu","3","3","10.51","-"
"HMG","HSBC PYŞ MUTLAK GETİRİ HEDEFLİ HİSSE SENEDİ SERBEST (TL) FON(HİSSE SENEDİ YOĞUN FON)","Serbest Şemsiye Fonu","2.5","2.5","55.31","-"
"HMS","HSBC PORTFÖY SÜRDÜRÜLEBİLİRLİK HİSSE SENEDİ (TL) FONU (HİSSE SENEDİ YOĞUN FON)","Hisse Senedi Şemsiye Fonu","2","2","9.29","3.65"
"HNC","HEDEF PORTFÖY ÜÇÜNCÜ HİSSE SENEDİ FONU (HİSSE SENEDİ YOĞUN FON)","Hisse Senedi Şemsiye Fonu","3","3","0","-"
"HOA","HSBC PORTFÖY TEKNOLOJİ DEĞİŞKEN FON","Değişken Şemsiye Fonu","1.752","1.752","30.72","3.65"
"HOY","HSBC PORTFÖY YABANCI BYF FON SEPETI","Fon Sepeti Şemsiye Fonu","2.008","2.008","24.3","4.38"
"HP3","HEDEF PORTFÖY LİDYA SERBEST (DÖVİZ) FON","Serbest Şemsiye Fonu","0.75","0.75","25.29","-"
"HPD","HSBC PORTFÖY İKİNCİ DEĞİŞKEN FON","Değişken Şemsiye Fonu","2.5","2.5","25.58","3.65"
"HPH","HEDEF PORTFÖY PARA PİYASASI KATILIM FONU","Katılım Şemsiye Fonu","1.25","1.25","0","-"
"HPO","HSBC PORTFÖY ÇOKLU VARLIK BİRİNCİ DEĞİŞKEN FON","Değişken Şemsiye Fonu","1.533","1.533","47.26","3.65"
"HPT","HSBC PORTFÖY KISA VADELİ BORÇLANMA ARAÇLARI (TL) FONU","Borçlanma Araçları Şemsiye Fonu","2.37","2.37","52.06","2.56"
"HRZ","AKTİF PORTFÖY BIST HALKA ARZ ŞİRKETLERİ HİSSE SENEDİ (TL) FONU (HİSSE SENEDİ YOĞUN FON)","Hisse Senedi Şemsiye Fonu","2","2","0","-"
"HSA","HSBC PORTFÖY DEĞİŞKEN (TL) FON","Değişken Şemsiye Fonu","2.5","2.5","23.41","3.65"
"HSL","HSBC PORTFÖY PARA PİYASASI (TL) FONU","Para Piyasası Şemsiye Fonu","1.25","1.25","59.41","1.65"
"HST","HSBC PORTFÖY  BORÇLANMA ARAÇLARI (TL) FONU","Borçlanma Araçları Şemsiye Fonu","2.19","2.19","27.16","3.65"
"HTJ","HEDEF PORTFÖY TEKNOLOJİ DEĞİŞKEN FON","Değişken Şemsiye Fonu","2.95","2.95","0","-"
"HVK","HEDEF PORTFÖY BİRİNCİ BORÇLANMA ARAÇLARI (TL) FONU","Borçlanma Araçları Şemsiye Fonu","2.25","2.25","62.08","3.65"
"HVS","HSBC PORTFÖY HİSSE SENEDİ (TL) FONU (HİSSE SENEDİ YOĞUN FON)","Hisse Senedi Şemsiye Fonu","2.5","2.5","11.21","3.65"
"HVT","ALLBATROSS PORTFÖY BİRİNCİ PARA PİYASASI (TL) FONU","Para Piyasası Şemsiye Fonu","1","0","59.87","1.65"
"HVU","ALLBATROSS PORTFÖY BİRİNCİ DEĞİŞKEN FON","Değişken Şemsiye Fonu","2.1","0","24.67","3.65"
"HVZ","ALLBATROSS PORTFÖY BİRİNCİ HİSSE SENEDİ (TL) FONU (HİSSE SENEDİ YOĞUN FON)","Hisse Senedi Şemsiye Fonu","2.7","0","14.98","3.65"
"HYP","AZİMUT PORTFÖY İVME SERBEST FON","Serbest Şemsiye Fonu","3.2","0","5.28","-"
"HYU","HSBC PORTFÖY KISA VADELİ SERBEST (TL) FON","Serbest Şemsiye Fonu","0.75","0.75","0","-"
"HYV","HEDEF PORTFÖY PARA PİYASASI (TL) FONU","Para Piyasası Şemsiye Fonu","1.25","1.25","61.14","1.65"
"IAE","İSTANBUL PORTFÖY AGRESİF DEĞİŞKEN FON","Değişken Şemsiye Fonu","3.150315","3.150315","0","-"
"IAM","İŞ PORTFÖY AGRESİF FON SEPETİ FONU","Fon Sepeti Şemsiye Fonu","2.5","0","0","-"
"IAT","İŞ PORTFÖY KİRA SERTİFİKALARI KATILIM (TL) FONU","Katılım Şemsiye Fonu","1.75","0","48.01","3.65"
"IAU","PARDUS PORTFÖY İKİNCİ İSTATİSTİKSEL ARBİTRAJ HİSSE SENEDİ SERBEST (TL) FON (HİSSE SENEDİ YOĞUN FON)","Serbest Şemsiye Fonu","1.5","0","54.43","-"
"IBB","İŞ PORTFÖY ATAK DEĞİŞKEN FON","Değişken Şemsiye Fonu","2","0","7.27","3.65"
"ICA","ICBC TURKEY PORTFÖY ALTIN FONU","Kıymetli Madenler Şemsiye Fonu","1.75","1.75","68.92","2.19"
"ICC","ICBC TURKEY PORTFÖY İKİNCİ DEĞİŞKEN FON","Değişken Şemsiye Fonu","2","2","32.05","3.65"
"ICD","ICBC TURKEY PORTFÖY BİRİNCİ DEĞİŞKEN FON","Değişken Şemsiye Fonu","1.95","1.95","43.02","3.65"
"ICE","ICBC TURKEY PORTFÖY PARA PİYASASI (TL) FONU","Para Piyasası Şemsiye Fonu","1.24","1.24","58.52","1.65"
"ICF","ICBC TURKEY PORTFÖY HİSSE SENEDİ FONU(HİSSE SENEDİ YOĞUN FON)","Hisse Senedi Şemsiye Fonu","2","2","4.89","3.65"
"ICH","PARDUS PORTFÖY İKİNCİ DEĞİŞKEN FON","Değişken Şemsiye Fonu","1.5","0","0","-"
"ICS","ICBC TURKEY PORTFÖY SERBEST (DÖVİZ) FON","Serbest Şemsiye Fonu","1","1","17.76","3.65"
"ICV","ICBC TURKEY PORTFÖY BİRİNCİ SERBEST FON","Serbest Şemsiye Fonu","0.75","0.75","52.82","3.65"
"ICZ","AK PORTFÖY TEKNOLOJİ ŞİRKETLERİ HİSSE SENEDİ (TL) FONU (HİSSE SENEDİ YOĞUN FON)","Hisse Senedi Şemsiye Fonu","2.9","2.9","-8.35","3.65"
"IDD","LOGOS PORTFÖY DİNAMİK DAĞIMLI SERBEST FON","Serbest Şemsiye Fonu","2.09875","2.09875","10.07","-"
"IDF","İŞ PORTFÖY SERBEST (DÖVİZ) FON","Serbest Şemsiye Fonu","1","0","29.87","-"
"IDH","İŞ PORTFÖY BIST 100 DIŞI ŞİRKETLER HİSSE SENEDİ (TL) FONU (HİSSE SENEDİ YOĞUN FON)","Hisse Senedi Şemsiye Fonu","3.2","0","8.17","3.65"
"IDI","AZİMUT PORTFÖY İNŞAAT SEKTÖRÜ HİSSE SENEDİ FONU (HİSSE SENEDİ YOĞUN FON)","Hisse Senedi Şemsiye Fonu","2.95","0","0","-"
"IDL","AKTİF PORTFÖY PARA PİYASASI (TL) FONU","Para Piyasası Şemsiye Fonu","0.95","0.95","59.13","1.65"
"IDN","INVEO PORTFÖY DENGELİ DEĞİŞKEN FON","Değişken Şemsiye Fonu","2","2","43.68","-"
"IDO","İŞ PORTFÖY ONDOKUZUNCU SERBEST (DÖVİZ-AVRO) FON","Serbest Şemsiye Fonu","0.8","0.8","0","-"
"IDY","TEB PORTFÖY İKİNCİ DEĞİŞKEN FON","Değişken Şemsiye Fonu","2.5","2.5","63.69","3.65"
"IEV","İŞ PORTFÖY TAŞIMACILIK DEĞİŞKEN FON","Değişken Şemsiye Fonu","2.5","0","16.42","3.65"
"IFN","ICBC TURKEY PORTFÖY SÜRDÜRÜLEBİLİRLİK HİSSE SENEDİ FONU(HİSSE SENEDİ YOĞUN FON)","Hisse Senedi Şemsiye Fonu","2","2","-0.13","3.65"
"IFV","ICBC TURKEY PORTFÖY BİRİNCİ KISA VADELİ BORÇLANMA ARAÇLARI (TL) FONU","Borçlanma Araçları Şemsiye Fonu","1.7","1.7","54.6","2.56"
"IHA","ALLBATROSS PORTFÖY İKİNCİ HİSSE SENEDİ (TL) FONU (HİSSE SENEDİ YOĞUN FON)","Hisse Senedi Şemsiye Fonu","2.75","0","6.82","3.65"
"IHC","INVEO PORTFÖY INTER SERBEST FON","Serbest Şemsiye Fonu","2.28","2.28","17.55","-"
"IHK","İŞ PORTFÖY İŞ'TE KADIN HİSSE SENEDİ (TL) FONU (HİSSE SENEDİ YOĞUN FON)","Hisse Senedi Şemsiye Fonu","3.2","0","14.25","3.65"
"IHP","İSTANBUL PORTFÖY İKİNCİ HİSSE SENEDİ SERBEST (TL) FON (HİSSE SENEDİ YOĞUN FON)","Serbest Şemsiye Fonu","3.150315","0","0","-"
"IHT","İŞ PORTFÖY İHRACATÇI ŞİRKETLER HİSSE SENEDİ (TL) FONU (HİSSE SENEDİ YOĞUN FON)","Hisse Senedi Şemsiye Fonu","3.2","0","5.11","3.65"
"IHZ","ALLBATROSS PORTFÖY İKİNCİ HİSSE SENEDİ SERBEST FON (HİSSE SENEDİ YOĞUN FON)","Serbest Şemsiye Fonu","3.15","0","-27.94","-"
"IIE","İSTANBUL PORTFÖY ONDÖRDÜNCÜ SERBEST FON","Serbest Şemsiye Fonu","3.150315","3.150315","168.22","-"
"IIH","İSTANBUL PORTFÖY ÜÇÜNCÜ HİSSE SENEDİ FONU (HİSSE SENEDİ YOĞUN FON)","Hisse Senedi Şemsiye Fonu","2.5","2.5","10.23","3.65"
"IJA","INVEO PORTFÖY ATAK DEĞİŞKEN FON","Değişken Şemsiye Fonu","2","2","23.82","3.65"
"IJB","İŞ PORTFÖY DİJİTAL OYUN SEKTÖRÜ KARMA FON","Karma Şemsiye Fonu","2.75","0","50.05","3.65"
"IJC","İŞ PORTFÖY YARI İLETKEN TEKNOLOJİLERİ DEĞİŞKEN FON","Değişken Şemsiye Fonu","2.5","0","-7.5","3.65"
"IJH","ICBC TURKEY PORTFÖY BİRİNCİ FON SEPETİ FONU","Fon Sepeti Şemsiye Fonu","0.75","0.75","39.37","4.38"
"IJP","İŞ PORTFÖY BLOCKCHAİN TEKNOLOJİLERİ KARMA FON","Karma Şemsiye Fonu","2.75","0","29.52","3.65"
"IJT","İŞ PORTFÖY TARIM SERBEST FON","Serbest Şemsiye Fonu","2.5","2.5","12.16","-"
"IJV","İSTANBUL PORTFÖY BİRİNCİ PARA PİYASASI (TL) FONU","Para Piyasası Şemsiye Fonu","1.05","0","60.7","1.65"
"IJZ","İŞ PORTFÖY SİBER GÜVENLİK TEKNOLOJİLERİ DEĞİŞKEN FON","Değişken Şemsiye Fonu","2.5","0","13.06","3.65"
"IKL","İŞ PORTFÖY SAĞLIK ŞİRKETLERİ KARMA FON","Karma Şemsiye Fonu","2.75","0","20.01","3.65"
"IKP","İŞ PORTFÖY YENİLENEBİLİR ENERJİ KARMA FON","Karma Şemsiye Fonu","2.5","0","28.34","3.65"
"ILZ","İŞ PORTFÖY TEMKİNLİ FON SEPETİ FONU","Fon Sepeti Şemsiye Fonu","2.5","0","44.6","4.38"
"IMB","İSTANBUL PORTFÖY ALGORİTMİK MODEL HİSSE SENEDİ FONU (HİSSE SENEDİ YOĞUN FON)","Hisse Senedi Şemsiye Fonu","2.624994225","2.624994225","0","-"
"IMF","İSTANBUL PORTFÖY MAESTRO SERBEST FON","Serbest Şemsiye Fonu","3.15","0","22.98","-"
"IML","İŞ PORTFÖY MODEL PORTFÖY HİSSE SENEDİ (TL) FONU (HİSSE SENEDİ YOĞUN FON)","Hisse Senedi Şemsiye Fonu","3.2","0","0","-"
"IOG","İŞ PORTFÖY GÜMÜŞ SERBEST FON","Serbest Şemsiye Fonu","2.5","2.5","44.53","-"
"IOO","İŞ PORTFÖY İKİNCİ PARA PİYASASI (TL) FONU","Para Piyasası Şemsiye Fonu","1.05","1.05","60.23","1.65"
"IPB","İSTANBUL PORTFÖY BİRİNCİ DEĞİŞKEN FON","Değişken Şemsiye Fonu","2.10021","0","31.28","3.65"
"IPG","İŞ PORTFÖY ATAK FON SEPETİ FONU","Fon Sepeti Şemsiye Fonu","2.5","0","15.69","4.38"
"IPJ","İŞ PORTFÖY ELEKTRİKLİ ARAÇLAR KARMA FON","Karma Şemsiye Fonu","2.5","0","15.71","3.65"
"IPV","İŞ PORTFÖY EUROBOND BORÇLANMA ARAÇLARI (DÖVİZ) FONU","Borçlanma Araçları Şemsiye Fonu","2","0","26.14","3.65"
"IRF","İSTANBUL PORTFÖY BİRİNCİ FON SEPETİ FONU","Fon Sepeti Şemsiye Fonu","2","2","29.42","4.38"
"IRO","İSTANBUL PORTFÖY ROBOTİK TEKNOLOJİLERİ SERBEST FON","Serbest Şemsiye Fonu","3.150315","3.150315","3.69","-"
"IRT","INVEO PORTFÖY TEKNOLOJİ DEĞİŞKEN FON","Değişken Şemsiye Fonu","1.95","1.95","12.1","3.65"
"IRV","İSTANBUL PORTFÖY İSTATİSTİKSEL ARBİTRAJ SERBEST FON","Serbest Şemsiye Fonu","3","0","43.45","-"
"IRY","INVEO PORTFÖY PARA PİYASASI (TL) FONU","Para Piyasası Şemsiye Fonu","0.89","0.89","60.61","1.65"
"IST","İSTANBUL PORTFÖY KISA VADELİ BORÇLANMA ARAÇLARI (TL) FONU","Borçlanma Araçları Şemsiye Fonu","1.6","1.6","58.36","2.56"
"ITP","İŞ PORTFÖY TEKNOLOJİ KARMA FON","Karma Şemsiye Fonu","2.75","0","30.9","3.65"
"IUF","İŞ PORTFÖY YEDİNCİ SERBEST (DÖVİZ-AVRO) FON","Serbest Şemsiye Fonu","0.5","0","34.57","-"
"IUH","INVEO PORTFÖY DÖNÜŞTÜRÜCÜ TEKNOLOJİLER FON SEPETİ FONU","Fon Sepeti Şemsiye Fonu","2","2","16.08","4.38"
"IUV","İŞ PORTFÖY BEŞİNCİ SERBEST (DÖVİZ)  FON","Serbest Şemsiye Fonu","1","0","27.5","-"
"IV8","INVEO PORTFÖY KİRA SERTİFİKALARI KATILIM FONU","Katılım Şemsiye Fonu","1.5","1.5","0","-"
"IVF","İSTANBUL PORTFÖY KATILIM HİSSE SENEDİ (TL) FONU (HİSSE SENEDİ YOĞUN FON)","Hisse Senedi Şemsiye Fonu","2.5","0","6.87","3.65"
"IVY","İSTANBUL PORTFÖY BLOCKCHAIN TEKNOLOJİLERİ DEĞİŞKEN FON","Değişken Şemsiye Fonu","2.5","0","33.41","3.65"
"IYB","AURA PORTFÖY DEĞİŞKEN FONU","Değişken Şemsiye Fonu","2.4","2.4","27.28","3.65"
"IZB","İSTANBUL PORTFÖY BİRİNCİ FON SEPETİ SERBEST FON","Serbest Şemsiye Fonu","1.05","0","42.99","-"
"IZF","QİNVEST PORTFÖY İKİNCİ KATILIM SERBEST FON","Serbest Şemsiye Fonu","1.25","1.25","-83.46","-"
"IZS","İSTANBUL PORTFÖY ALTINCI SERBEST FON","Serbest Şemsiye Fonu","3","0","28.78","-"
"JET","ATA PORTFÖY HAVACILIK VE SAVUNMA TEKNOLOJİLERİ DEĞİŞKEN FON","Değişken Şemsiye Fonu","2.5","2.5","0","-"
"JUP","AURA PORTFÖY JÜPİTER SERBEST (DÖVİZ) FON","Serbest Şemsiye Fonu","1.95","1.95","0","-"
"KAV","KUVEYT TÜRK PORTFÖY ALTINCI KATILIM SERBEST (DÖVİZ-AVRO) FON","Serbest Şemsiye Fonu","0.3","0.3","27.99","-"
"KCL","KARE PORTFÖY ÇOKLU VARLIK KATILIM FONU","Katılım Şemsiye Fonu","2","2","0","-"
"KCV","KUVEYT TÜRK PORTFÖY ÇOKLU VARLIK KATILIM FONU","Katılım Şemsiye Fonu","2.5","2.5","40.69","3.65"
"KDL","KUVEYT TÜRK PORTFÖY BEŞİNCİ KATILIM SERBEST (DÖVİZ) FON","Serbest Şemsiye Fonu","0.3","0.3","19.96","-"
"KDT","GARANTİ PORTFÖY KATILIM SERBEST (DÖVİZ) FON","Serbest Şemsiye Fonu","0.4","0.4","0","-"
"KGM","KUVEYT TÜRK PORTFÖY GÜMÜŞ KATILIM FON SEPETİ FONU","Fon Sepeti Şemsiye Fonu","1.8","1.8","0","-"
"KHA","PARDUS PORTFÖY İKİNCİ HİSSE SENEDİ (TL) FONU (HİSSE SENEDİ YOĞUN FON)","Hisse Senedi Şemsiye Fonu","1.5","0","12.97","-"
"KHB","KARE PORTFÖY BIST 100 DIŞI ŞİRKETLER HİSSE SENEDİ FONU (HİSSE SENEDİ YOĞUN FON)","Hisse Senedi Şemsiye Fonu","2.92","2.92","0","-"
"KHC","PARDUS PORTFÖY KATILIM HİSSE SENEDİ (TL) FONU (HİSSE SENEDİ YOĞUN FON)","Hisse Senedi Şemsiye Fonu","1.5","0","16.78","-"
"KHJ","ATLAS PORTFÖY KATILIM HİSSE SENEDİ FONU (HİSSE SENEDİ YOĞUN FON)","Hisse Senedi Şemsiye Fonu","2","2","0","-"
"KHT","ALLBATROSS PORTFÖY KARTAL HİSSE SENEDİ SERBEST (TL) FON (HİSSE SENEDİ YOĞUN FON)","Serbest Şemsiye Fonu","3","0","12.39","3.65"
"KIA","TRIVE PORTFÖY MUTLAK GETİRİ HEDEFLİ DEĞİŞKEN FON","Değişken Şemsiye Fonu","2.15","2.15","23.89","3.65"
"KIB","TRIVE PORTFÖY ROBOTİK TEKNOLOJİLERİ DEĞİŞKEN FON","Değişken Şemsiye Fonu","2.5","2.5","8.25","3.65"
"KID","TRIVE PORTFÖY BİRİNCİ SERBEST (DÖVİZ) FON","Serbest Şemsiye Fonu","1.1","1.1","22.87","0"
"KIE","TRIVE PORTFÖY PARA PİYASASI (TL) FONU","Para Piyasası Şemsiye Fonu","1.13","1.13","61.21","1.65"
"KIF","TRIVE PORTFÖY EMTİA SERBEST FON","Serbest Şemsiye Fonu","2.55","2.55","28.7","0"
"KIH","KARE PORTFÖY İSTATİSTİKSEL ARBİTRAJ HİSSE SENEDİ SERBEST FON (HİSSE SENEDİ YOĞUN FON)","Serbest Şemsiye Fonu","4","4","0","-"
"KIS","QİNVEST PORTFÖY KİRA SERTİFİKASI KATILIM (DÖVİZ) FONU","Katılım Şemsiye Fonu","1.25195","1.25195","25.27","3.65"
"KKC","KARE PORTFÖY KATILIM SERBEST (DÖVİZ-AVRO) FON","Serbest Şemsiye Fonu","0.5","0.5","0","-"
"KKH","İŞ PORTFÖY DENGELİ FON SEPETİ FONU","Fon Sepeti Şemsiye Fonu","2.5","0","24.66","4.38"
"KKL","ALLBATROSS PORTFÖY KISA VADELİ KATILIM SERBEST (TL) FON","Serbest Şemsiye Fonu","1.5","0","0","-"
"KLH","ATLAS PORTFÖY KATILIM HİSSE SENEDİ SERBEST FON (HİSSE SENEDİ YOĞUN FON)","Serbest Şemsiye Fonu","1.5","0","0","-"
"KLS","ALLBATROSS PORTFÖY KATILIM SERBEST (DÖVİZ) FON","Serbest Şemsiye Fonu","0.3","0","0","-"
"KLU","KUVEYT TÜRK PORTFÖY PARA PİYASASI KATILIM (TL) FONU","Katılım Şemsiye Fonu","1.3","1.3","51.7","1.65"
"KMF","AZİMUT PORTFÖY KIYMETLİ MADENLER KATILIM FONU","Katılım Şemsiye Fonu","1.8375","0","69.39","-"
"KNJ","KUVEYT TÜRK PORTFÖY ENERJİ KATILIM FONU","Katılım Şemsiye Fonu","2.4","2.4","-4.79","-"
"KOT","AZİMUT PORTFÖY KOÇ TOPLULUĞU ŞİRKETLERİ HİSSE SENEDİ FONU (HİSSE SENEDİ YOĞUN FON)","Hisse Senedi Şemsiye Fonu","1.05","0","0","-"
"KP3","KARE PORTFÖY ÜÇÜNCÜ SERBEST (DÖVİZ) FON","Serbest Şemsiye Fonu","0.5","0.5","0","-"
"KPA","KUVEYT TÜRK PORTFÖY KAR PAYI ÖDEYEN KATILIM HİSSE SENEDİ FONU (HİSSE SENEDİ YOĞUN FON)","Hisse Senedi Şemsiye Fonu","2.75","2.75","0","-"
"KPC","KUVEYT TÜRK PORTFÖY KATILIM HİSSE SENEDİ (TL) FONU (HİSSE SENEDİ YOĞUN FON)","Hisse Senedi Şemsiye Fonu","2.4","2.4","13.75","3.65"
"KPD","KUVEYT TÜRK PORTFÖY KAR PAYI ÖDEYEN KATILIM SERBEST (DÖVİZ) FON","Serbest Şemsiye Fonu","0.8","0.8","0","-"
"KPF","NEO PORTFÖY KAPADOKYA HİSSE SENEDİ SERBEST FON (HİSSE SENEDİ YOĞUN FON)","Serbest Şemsiye Fonu","4","4","0","-"
"KPH","İŞ PORTFÖY KAR PAYI ÖDEYEN HİSSE SENEDİ (TL) FONU (HİSSE SENEDİ YOĞUN FON)","Hisse Senedi Şemsiye Fonu","3.2","0","0","-"
"KPP","KARE PORTFÖY PARA PİYASASI FONU","Para Piyasası Şemsiye Fonu","1.09","1.09","60.35","-"
"KPU","KUVEYT TÜRK PORTFÖY İKİNCİ KATILIM HİSSE SENEDİ (TL) FONU (HİSSE SENEDİ YOĞUN FON)","Hisse Senedi Şemsiye Fonu","2.2","2.2","6.66","3.65"
"KRA","TRİVE PORTFÖY KİRA SERTİFİKALARI KATILIM FONU","Katılım Şemsiye Fonu","1.2","1.2","0","-"
"KRC","KARE PORTFÖY BİRİNCİ BORÇLANMA ARAÇLARI FONU","Borçlanma Araçları Şemsiye Fonu","1.46","1.46","53.19","3.65"
"KRF","KARE PORTFÖY BİRİNCİ DEĞİŞKEN FON","Değişken Şemsiye Fonu","2.19","2.19","45.06","3.65"
"KRS","KARE PORTFÖY SERBEST (DÖVİZ) FON","Serbest Şemsiye Fonu","2.55","2.55","13.54","0"
"KRT","KARE PORTFÖY TÜRKİYE ODAKLI SERBEST (DÖVİZ ) FON","Serbest Şemsiye Fonu","1.095","1.095","24.22","0"
"KSA","HEDEF PORTFÖY KISA VADELİ SERBEST (TL) FON","Serbest Şemsiye Fonu","2.25","2.25","63.16","-"
"KSK","AZİMUT PORTFÖY İKİNCİ PARA PİYASASI KATILIM FONU","Katılım Şemsiye Fonu","1.05","0","51.32","-"
"KSR","KUVEYT TÜRK PORTFÖY SÜRDÜRÜLEBİLİRLİK KATILIM FONU","Katılım Şemsiye Fonu","2","2","7.76","3.65"
"KST","ALLBATROSS PORTFÖY KATILIM HİSSE SENEDİ (TL) FONU (HİSSE SENEDİ YOĞUN FON)","Hisse Senedi Şemsiye Fonu","2.625","0","2.31","-"
"KSV","KUVEYT TÜRK PORTFÖY KISA VADELİ KATILIM SERBEST (TL) FON","Serbest Şemsiye Fonu","1.4","1.4","53.59","-"
"KTI","AZİMUT PORTFÖY KATILIM HİSSE SENEDİ FONU (HİSSE SENEDİ YOĞUN FON)","Hisse Senedi Şemsiye Fonu","2.625","0","22.39","-"
"KTJ","KUVEYT TÜRK PORTFÖY TEKNOLOJİ KATILIM FONU","Katılım Şemsiye Fonu","2.4","2.4","17.39","-"
"KTM","KUVEYT TÜRK PORTFÖY BİRİNCİ KATILIM (TL) FONU","Katılım Şemsiye Fonu","2.1","2.1","42.76","3.65"
"KTN","KUVEYT TÜRK PORTFÖY KİRA SERTİFİKALARI KATILIM (TL) FONU","Katılım Şemsiye Fonu","1.5","1.5","35.41","3.65"
"KTR","KUVEYT TÜRK PORTFÖY BİRİNCİ KATILIM SERBEST (TL) FON","Serbest Şemsiye Fonu","1","1","55.15","3.65"
"KTS","KUVEYT TÜRK PORTFÖY KATILIM HİSSE SENEDİ SERBEST FON (HİSSE SENEDİ YOĞUN FON)","Serbest Şemsiye Fonu","2.1","2.1","19.82","3.65"
"KTT","KUVEYT TÜRK PORTFÖY DÖRDÜNCÜ KATILIM SERBEST (DÖVİZ) FON","Serbest Şemsiye Fonu","0.6","0.6","25.18","3.65"
"KTV","KUVEYT TÜRK PORTFÖY KISA VADELİ KİRA SERTİFİKALARI KATILIM (TL) FONU","Katılım Şemsiye Fonu","1.5","1.5","51.52","2.56"
"KUB","KARE PORTFÖY DEĞİŞKEN  (DÖVİZ) FONU","Değişken Şemsiye Fonu","2.19","2.19","31.95","3.65"
"KUT","KUVEYT TÜRK PORTFÖY KIYMETLİ MADENLER KATILIM FONU","Katılım Şemsiye Fonu","1.8","1.8","50.29","2.19"
"KVS","AZİMUT PORTFÖY KISA VADELİ SERBEST (TL) FON","Serbest Şemsiye Fonu","0.38325","0","55.2","-"
"KVT","AK PORTFÖY ENERJİ ŞİRKETLERİ HİSSE SENEDİ (TL) FONU (HİSSE SENEDİ YOĞUN FON)","Hisse Senedi Şemsiye Fonu","2.9","2.9","0","-"
"KYA","KARE PORTFÖY HİSSE SENEDİ FONU(HİSSE SENEDİ YOĞUN FON)","Hisse Senedi Şemsiye Fonu","2.92","2.92","-0.46","3.65"
"KZL","KUVEYT TÜRK PORTFÖY ALTIN KATILIM FONU","Katılım Şemsiye Fonu","0.3","0.3","74.07","2.19"
"KZU","KUVEYT TÜRK PORTFÖY İKİNCİ ALTIN KATILIM FONU","Katılım Şemsiye Fonu","1.5","1.5","0","-"
"LID","ALLBATROSS PORTFÖY İKİNCİ DEĞİŞKEN FON","Değişken Şemsiye Fonu","2","0","63.05","-"
"LKT","AKTİF PORTFÖY İKİNCİ PARA PİYASASI (TL) FONU","Para Piyasası Şemsiye Fonu","0.7","0.7","0","-"
"LLA","ALLBATROSS PORTFÖY AYDIN HİSSE SENEDİ SERBEST (TL) FON (HİSSE SENEDİ YOĞUN FON)","Serbest Şemsiye Fonu","2.625","0","-4.72","-"
"MAC","MARMARA CAPITAL PORTFÖY HİSSE SENEDİ (TL) FONU (HİSSE SENEDİ YOĞUN FON)","Hisse Senedi Şemsiye Fonu","2.68","2.68","10.03","3.65"
"MAD","MEKSA PORTFÖY BİRİNCİ DEĞİŞKEN FON","Değişken Şemsiye Fonu","2","2","34","3.65"
"MBL","MEKSA PORTFÖY İKİNCİ DEĞİŞKEN FON","Değişken Şemsiye Fonu","2","2","56.94","3.65"
"MBR","MT PORTFÖY BİRİNCİ BORÇLANMA ARAÇLARI FONU","Borçlanma Araçları Şemsiye Fonu","1.3125","0","0","-"
"MD1","MT PORTFÖY BİRİNCİ DEĞİŞKEN FON","Değişken Şemsiye Fonu","2.36","0","0","-"
"MD2","MT PORTFÖY İKİNCİ DEĞİŞKEN FON","Değişken Şemsiye Fonu","3.1","0","0","-"
"MET","GARANTİ PORTFÖY METAVERSE VE YENİ TEKNOLOJİLER DEĞİŞKEN FON","Değişken Şemsiye Fonu","2.7","2.7","25.71","3.65"
"MGB","İŞ PORTFÖY MUTLAK GETİRİ HEDEFLİ HİSSE SENEDİ SERBEST FON (HİSSE SENEDİ YOĞUN FON)","Serbest Şemsiye Fonu","3.2","0","0","-"
"MGH","TEB PORTFÖY MUTLAK GETİRİ HEDEFLİ HİSSE SENEDİ SERBEST FON (HİSSE SENEDİ YOĞUN FON)","Serbest Şemsiye Fonu","2.5","2.5","51.73","-"
"MJB","AKTİF PORTFÖY BİRİNCİ FON SEPETİ FONU","Fon Sepeti Şemsiye Fonu","2","0","20.04","4.38"
"MJG","AKTİF PORTFÖY GÜMÜŞ FON SEPETİ FONU","Fon Sepeti Şemsiye Fonu","2","2","40.46","4.38"
"MJL","AKTİF PORTFÖY AKTİF SERBEST (DÖVİZ-AVRO) FON","Serbest Şemsiye Fonu","0.5","0","29.48","0"
"MKA","MARMARA CAPİTAL PORTFÖY KATILIM HİSSE SENEDİ (TL) FONU (HİSSE SENEDİ YOĞUN FON)","Hisse Senedi Şemsiye Fonu","2.68","2.68","0","-"
"MKG","AKTİF PORTFÖY ALTIN KATILIM FONU","Kıymetli Madenler Şemsiye Fonu","1.5","1.5","68.21","2.19"
"MMH","AKTİF PORTFÖY BIST 30 ENDEKSİ HİSSE SENEDİ (TL) FONU (HİSSE SENEDİ YOĞUN FON)","Hisse Senedi Şemsiye Fonu","1.5","1.5","0.93","2.19"
"MPF","AKTİF PORTFÖY KISA VADELİ KİRA SERTİFİKASI KATILIM (TL) FONU","Katılım Şemsiye Fonu","1.46","1.46","52.76","2.56"
"MPK","AKTİF PORTFÖY KİRA SERTİFİKASI KATILIM (TL) FONU","Katılım Şemsiye Fonu","1.64","1.64","51.61","3.65"
"MPL","MT PORTFÖY PARA PİYASASI (TL) FONU","Para Piyasası Şemsiye Fonu","0.735","0","0","-"
"MPN","AKTİF PORTFÖY İKİNCİ AKTİF SERBEST (DÖVİZ) FON","Serbest Şemsiye Fonu","1.5","1.5","27.16","0"
"MPS","AKTİF PORTFÖY KATILIM HİSSE SENEDİ (TL) FONU (HİSSE SENEDİ YOĞUN FON)","Hisse Senedi Şemsiye Fonu","2.37","2.37","4.06","3.65"
"MRI","TEB PORTFÖY MERİDYEN SERBEST FON","Serbest Şemsiye Fonu","2.5","2.5","0","-"
"MT1","MT PORTFÖY BİRİNCİ SERBEST (DÖVİZ) FON","Serbest Şemsiye Fonu","0.79","0","0","-"
"MTG","DENİZ PORTFÖY MUTLAK GETİRİ HEDEFLİ HİSSE SENEDİ SERBEST FON (HİSSE SENEDİ YOGUN FON)","Serbest Şemsiye Fonu","2","2","0","-"
"MTH","MT PORTFÖY BİRİNCİ HİSSE SENEDİ FONU (HİSSE SENEDİ YOĞUN FON)","Hisse Senedi Şemsiye Fonu","2.73","0","0","-"
"MTS","AKTİF PORTFÖY TARIM VE SÜRDÜRÜLEBİLİRLİK FON SEPETİ FONU","Fon Sepeti Şemsiye Fonu","2.25","0","8.4","4.38"
"MTV","AK PORTFÖY METAVERSE VE DİJİTAL YAŞAM TEKNOLOJİLERİ DEĞİŞKEN FON","Değişken Şemsiye Fonu","2.9","2.9","19.81","3.65"
"MTX","TEB PORTFÖY METAVERSE VE DİJİTAL TEKNOLOJİLER DEĞİŞKEN FON","Değişken Şemsiye Fonu","2.75","2.75","18.1","3.65"
"MUT","GARANTİ PORTFÖY MUTLAK GETİRİ HEDEFLİ HİSSE SENEDİ SERBEST FON (HİSSE SENEDİ YOĞUN FON)","Serbest Şemsiye Fonu","2.5","2.5","0","-"
"NAU","NEO PORTFÖY ALTIN FONU","Kıymetli Madenler Şemsiye Fonu","1.8","1.8","97.35","-"
"NBH","NEO PORTFÖY ALGORİTMİK STRATEJİLER SERBEST FON","Serbest Şemsiye Fonu","2.5","2.5","30.65","0"
"NBZ","NEO PORTFÖY BİRİNCİ SERBEST (DÖVİZ) FON","Serbest Şemsiye Fonu","1.5","1.5","21.9","0"
"NCS","NUROL PORTFÖY ÜÇÜNCÜ SERBEST (DÖVİZ) FON","Serbest Şemsiye Fonu","0.75","0","24.54","0"
"NFF","NEO PORTFÖY FON SEPETİ SERBEST FON","Serbest Şemsiye Fonu","1.5","1.5","0","-"
"NHP","NEO PORTFÖY BİRİNCİ FON SEPETİ FONU","Fon Sepeti Şemsiye Fonu","2","2","44.83","4.38"
"NHY","NEO PORTFÖY BİRİNCİ HİSSE SENEDİ (TL) FONU (HİSSE SENEDİ YOĞUN FON)","Hisse Senedi Şemsiye Fonu","2.9","2.9","-22.9","3.65"
"NJF","NUROL PORTFÖY ALTIN KATILIM FONU","Katılım Şemsiye Fonu","1","1","74.71","2.19"
"NJR","NUROL PORTFÖY BİRİNCİ BORÇLANMA ARAÇLARI FONU","Borçlanma Araçları Şemsiye Fonu","1.85","1.85","63.16","3.65"
"NJY","NUROL PORTFÖY BİRİNCİ KATILIM FONU","Katılım Şemsiye Fonu","1.5","1.5","57.05","3.65"
"NLK","NUROL PORTFÖY KISA VADELİ SERBEST FON","Serbest Şemsiye Fonu","0.75","0","0","-"
"NME","NUROL PORTFÖY MERCAN KATILIM SERBEST (DÖVİZ) FON","Serbest Şemsiye Fonu","0.75","0","0","-"
"NNF","HEDEF PORTFÖY BİRİNCİ HİSSE SENEDİ (TL) FONU (HİSSE SENEDİ YOĞUN FON)","Hisse Senedi Şemsiye Fonu","2.7","2.7","7.44","3.65"
"NPH","NUROL PORTFÖY BİRİNCİ HİSSE SENEDİ FONU (HİSSE SENEDİ YOĞUN FON)","Hisse Senedi Şemsiye Fonu","2.75","0","0","-"
"NRC","NEO PORTFÖY BİRİNCİ DEĞİŞKEN FON","Değişken Şemsiye Fonu","2.9","2.9","-16.74","3.65"
"NRG","NEO PORTFÖY BİRİNCİ PARA PİYASASI FONU","Para Piyasası Şemsiye Fonu","0.9","0.9","60.82","1.65"
"NSA","NEO PORTFÖY PARA PİYASASI KATILIM SERBEST FON","Serbest Şemsiye Fonu","1.3","1.3","0","-"
"NSD","NUROL PORTFÖY DÖRDÜNCÜ SERBEST (DÖVİZ) FON","Serbest Şemsiye Fonu","1","0","24.5","0"
"NSH","NUROL PORTFÖY İSTATİSTİKSEL ARBİTRAJ HİSSE SENEDİ SERBEST FON (HİSSE SENEDİ YOĞUN FON)","Serbest Şemsiye Fonu","4","0","0","-"
"NSK","NEO PORTFÖY BİRİNCİ SERBEST FON","Serbest Şemsiye Fonu","4.5","4.5","59.48","0"
"NSP","NUROL PORTFÖY PARA PİYASASI KATILIM FONU","Katılım Şemsiye Fonu","0.7","0.7","0","-"
"NUB","NUROL PORTFÖY BEŞİNCİ SERBEST (DÖVİZ) FON","Serbest Şemsiye Fonu","0.75","0","0","-"
"NVB","NEO PORTFÖY İKİNCİ PARA PİYASASI (TL) FON","Para Piyasası Şemsiye Fonu","1.3","1.3","60.04","1.65"
"NVC","NEO PORTFÖY VENTO SERBEST FON","Serbest Şemsiye Fonu","2.5","2.5","64.8","0"
"NVT","NEO PORTFÖY ÜÇÜNCÜ SERBEST (TL) FON","Serbest Şemsiye Fonu","2","2","60.77","0"
"NVZ","NEO PORTFÖY ORSA SERBEST (DÖVİZ) FON","Serbest Şemsiye Fonu","1.25","1.25","30.51","-"
"NZH","NEO PORTFÖY İKİNCİ DEĞİŞKEN FON","Değişken Şemsiye Fonu","2.25","2.25","3.42","3.65"
"NZT","NEO PORTFÖY PARA PİYASASI SERBEST FON","Serbest Şemsiye Fonu","2","2","59.75","3.65"
"NZU","NUROL PORTFÖY ZÜMRÜT KATILIM SERBEST (DÖVİZ) FON","Serbest Şemsiye Fonu","0.75","0","0","-"
"OBI","OYAK PORTFÖY İKİNCİ BORÇLANMA ARAÇLARI (TL) FONU","Borçlanma Araçları Şemsiye Fonu","1","0","31.65","3.65"
"OBP","OYAK PORTFÖY İKİNCİ DEĞİŞKEN FON","Değişken Şemsiye Fonu","1.7","0","25.86","3.65"
"ODD","OYAK PORTFÖY DÖRDÜNCÜ SERBEST FON","Serbest Şemsiye Fonu","1","0","17.29","3.65"
"ODP","OSMANLI PORTFÖY BİRİNCİ SERBEST FON","Serbest Şemsiye Fonu","2","0","21.07","0"
"ODS","OYAK PORTFÖY İKİNCİ SERBEST(DÖVİZ) FON","Serbest Şemsiye Fonu","0.803","0","26.7","3.65"
"ODV","AK PORTFÖY ÜÇÜNCÜ FON SEPETİ FONU","Fon Sepeti Şemsiye Fonu","1.95","1.95","27.37","4.38"
"OFI","OYAK PORTFÖY İKİNCİ FON SEPETİ FONU","Fon Sepeti Şemsiye Fonu","1.25","0","21.45","4.38"
"OFS","OYAK PORTFÖY BİRİNCİ FON SEPETİ FONU","Fon Sepeti Şemsiye Fonu","0.5","0","33.01","4.38"
"OGD","OYAK PORTFÖY ALTIN KATILIM FONU","Katılım Şemsiye Fonu","1.752","0","65.68","2.19"
"OHB","OYAK PORTFÖY BİRİNCİ HİSSE SENEDİ (TL) FONU (HİSSE SENEDİ YOĞUN FON)","Hisse Senedi Şemsiye Fonu","2.0002","0","9.67","3.65"
"OHK","OYAK PORTFÖY KATILIM HİSSE SENEDİ (TL) FONU (HİSSE SENEDİ YOĞUN FON)","Hisse Senedi Şemsiye Fonu","2.0002","0","-12.01","3.65"
"OIL","OSMANLI PORTFÖY AGRESİF FON SEPETİ FONU","Fon Sepeti Şemsiye Fonu","0.1","0.1","6.73","4.38"
"OIR","OSMANLI PORTFÖY DENGELİ FON SEPETİ FONU","Fon Sepeti Şemsiye Fonu","0.1","0.1","53.81","4.38"
"OJB","QNB PORTFÖY BEŞİNCİ SERBEST (DÖVİZ) FON","Serbest Şemsiye Fonu","1","1","20.76","0"
"OJK","QNB PORTFÖY ALTIN FONU","Kıymetli Madenler Şemsiye Fonu","1.85","1.85","71.4","2.19"
"OJT","QNB PORTFÖY TEKNOLOJİ FON SEPETİ FONU","Fon Sepeti Şemsiye Fonu","2.95","2.95","14.83","4.38"
"OKD","OYAK PORTFÖY BİRİNCİ DEĞİŞKEN FON","Değişken Şemsiye Fonu","1.7","0","20.75","3.65"
"OKP","OYAK PORTFÖY BİRİNCİ KISA VADELİ BORÇLANMA ARAÇLARI (TL) FONU","Borçlanma Araçları Şemsiye Fonu","1.4","1.4","56.96","2.56"
"OKT","OYAK PORTFÖY BİRİNCİ BORÇLANMA ARAÇLARI FONU","Borçlanma Araçları Şemsiye Fonu","1.50015","1.50015","58.14","3.65"
"OLA","OSMANLI PORTFÖY İKİNCİ SERBEST (DÖVİZ- AVRO) FON","Serbest Şemsiye Fonu","0.7","0.7","29.57","0"
"OLD","QNB PORTFÖY TEMİZ ENERJİ VE SU FON SEPETİ FONU","Fon Sepeti Şemsiye Fonu","2.5","2.5","-2.15","4.38"
"OLE","OSMANLI PORTFÖY BİRİNCİ FON SEPETİ FONU","Fon Sepeti Şemsiye Fonu","0.1","0.1","58.74","4.38"
"OMG","AZİMUT PORTFÖY İKİNCİ HİSSE SENEDİ FONU (HİSSE SENEDİ YOĞUN FON)","Hisse Senedi Şemsiye Fonu","3.2025","0","0","-"
"ONE","AKTİF PORTFÖY BİRİNCİ HİSSE SENEDİ SERBEST (TL) FON (HİSSE SENEDİ YOĞUN FON)","Serbest Şemsiye Fonu","2.9","0","-15.17","-"
"ONK","AK PORTFÖY ONİKİNCİ SERBEST (DÖVİZ-AVRO) FON","Serbest Şemsiye Fonu","0.75","0","30.23","-"
"ONN","AKTİF PORTFÖY AKTİF ONİKS SERBEST (TL) FON","Serbest Şemsiye Fonu","1.25","1.25","54.98","0"
"ONS","İŞ PORTFÖY ONİKİNCİ SERBEST (DÖVİZ) FON","Serbest Şemsiye Fonu","0.8","0","21.57","-"
"OPB","OSMANLI PORTFÖY BİRİNCİ DEĞİŞKEN FON","Değişken Şemsiye Fonu","1.4","1.4","24.06","3.65"
"OPD","OSMANLI PORTFÖY ANKA SERBEST FON","Serbest Şemsiye Fonu","1.4","1.4","57.99","0"
"OPF","OSMANLI PORTFÖY AGRESİF DEĞİŞKEN FON","Değişken Şemsiye Fonu","2.75","2.75","28.18","-"
"OPH","OSMANLI PORTFÖY BİRİNCİ HİSSE SENEDİ FONU(HİSSE SENEDİ YOĞUN FON)","Hisse Senedi Şemsiye Fonu","2.6","2.6","1.3","3.65"
"OPI","OSMANLI PORTFÖY İKİNCİ HİSSE SENEDİ FONU(HİSSE SENEDİ YOĞUN FON)","Hisse Senedi Şemsiye Fonu","1.75","1.75","1.6","3.65"
"OPL","OSMANLI PORTFÖY İKİNCİ DEĞİŞKEN FON","Değişken Şemsiye Fonu","1.4","1.4","40.48","3.65"
"ORC","QINVEST PORTFÖY ALFA SERBEST FON","Serbest Şemsiye Fonu","2.1","2.1","0","-"
"OSD","OSMANLI PORTFÖY ÖZEL SEKTÖR BORÇLANMA ARAÇLARI FONU","Borçlanma Araçları Şemsiye Fonu","0.74","0.74","60.29","3.65"
"OSL","OSMANLI PORTFÖY KISA VADELİ BORÇLANMA ARAÇLARI (TL) FONU","Borçlanma Araçları Şemsiye Fonu","0.64","0.64","55.09","2.56"
"OTJ","OYAK PORTFÖY KIYMETLİ MADENLER FON SEPETİ FONU","Fon Sepeti Şemsiye Fonu","1","0","44.18","4.38"
"OTK","OYAK PORTFÖY BİRİNCİ KATILIM SERBEST FON","Serbest Şemsiye Fonu","2.0075","0","34.25","3.5"
"OTM","AZİMUT PORTFÖY OTOMOTİV SEKTÖRÜ DEĞİŞKEN FON","Değişken Şemsiye Fonu","2.35","0","0","-"
"OUD","OSMANLI PORTFÖY ATLANTİK SERBEST (DÖVİZ) FON","Serbest Şemsiye Fonu","0.8","0.8","25.65","0"
"OVD","QNB PORTFÖY EMTİA FON SEPETİ FONU","Fon Sepeti Şemsiye Fonu","2.5","2.5","22.78","4.38"
"PAF","PARDUS PORTFÖY ALTIN FONU","Kıymetli Madenler Şemsiye Fonu","1","0","80.08","-"
"PAL","AK PORTFÖY ALTINCI SERBEST(DÖVİZ) FON","Serbest Şemsiye Fonu","0.85","0","22.03","-"
"PBI","PARDUS PORTFÖY BİRİNCİ FON SEPETİ FONU","Fon Sepeti Şemsiye Fonu","1","0","0","-"
"PBK","QİNVEST PORTFÖY BİRİNCİ KATILIM SERBEST(DÖVİZ) FON","Serbest Şemsiye Fonu","1","1","23.01","-"
"PBR","PUSULA PORTFÖY BİRİNCİ DEĞİŞKEN FON","Değişken Şemsiye Fonu","1.75","1.75","58.3","-"
"PDD","QİNVEST PORTFÖY KATILIM FONU","Katılım Şemsiye Fonu","2.088","2.088","39.97","3.65"
"PDF","QİNVEST PORTFÖY BİRİNCİ SERBEST (DÖVİZ) FON","Serbest Şemsiye Fonu","1","1","22.89","-"
"PFO","PHİLLİP PORTFÖY FON SEPETİ FONU","Fon Sepeti Şemsiye Fonu","2.6","2.6","19.25","-"
"PFS","ATLAS PORTFÖY FON SEPETİ FONU","Fon Sepeti Şemsiye Fonu","1.05","1.05","37.38","-"
"PGD","QİNVEST PORTFÖY AGRESİF DEĞİŞKEN FON","Değişken Şemsiye Fonu","2.1","2.1","0","-"
"PGS","AZİMUT PORTFÖY PAY GERİ ALIMI YAPAN ŞİRKETLER HİSSE SENEDİ FONU (HİSSE SENEDİ YOĞUN FON)","Hisse Senedi Şemsiye Fonu","2.35","0","0","-"
"PHE","PUSULA PORTFÖY HİSSE SENEDİ FONU (HİSSE SENEDİ YOĞUN FON)","Hisse Senedi Şemsiye Fonu","2.5","2.5","-0.16","-"
"PHI","PİRAMİT PORTFÖY HİSSE SENEDİ FONU (HİSSE SENEDİ YOĞUN FON)","Hisse Senedi Şemsiye Fonu","2.3625","2.3625","0","-"
"PID","PİRAMİT PORTFÖY DEĞİŞKEN FON","Değişken Şemsiye Fonu","1.575","1.575","0","-"
"PIL","ROTA PORTFÖY PİL TEKNOLOJİLERİ VE ENERJİ FON SEPETİ FONU","Fon Sepeti Şemsiye Fonu","2.5","0","11.49","4.38"
"PJL","PHİLLİP PORTFÖY PARA PİYASASI FONU","Para Piyasası Şemsiye Fonu","1.25","1.25","59.5","1.65"
"PKF","ATA PORTFÖY ALTIN KATILIM FONU","Katılım Şemsiye Fonu","1","1","68.41","3.65"
"PKV","PARDUS PORTFÖY KISA VADELİ SERBEST (TL) FON","Serbest Şemsiye Fonu","1.25","0","0","-"
"POS","PARDUS PORTFÖY ONBEŞİNCİ HİSSE SENEDİ SERBEST (TL) FON (HİSSE SENEDİ YOĞUN FON)","Serbest Şemsiye Fonu","2","0","0","-"
"PPB","PHİLLİP PORTFÖY BİRİNCİ HİSSE SENEDİ FONU (HİSSE SENEDİ YOĞUN FON)","Hisse Senedi Şemsiye Fonu","2.9","2.9","-2.16","3.65"
"PPE","PHİLLİP PORTFÖY SERBEST (DÖVİZ) FON","Serbest Şemsiye Fonu","1.5","1.5","25","-"
"PPF","AZİMUT PORTFÖY AKÇE SERBEST FON","Serbest Şemsiye Fonu","0.2625","0.2625","41.18","-"
"PPH","PARDUS PORTFÖY BIST 100 DIŞI ŞİRKETLER HİSSE SENEDİ (TL) FONU (HİSSE SENEDİ YOĞUN FON)","Hisse Senedi Şemsiye Fonu","2","0","0","-"
"PPI","YAPI KREDİ PORTFÖY ÜÇÜNCÜ PARA PİYASASI (TL) FONU","Para Piyasası Şemsiye Fonu","0.45","0.45","0","-"
"PPJ","AK PORTFÖY İKİNCİ PARA PİYASASI SERBEST (TL) FON","Serbest Şemsiye Fonu","0.39","0","0","-"
"PPK","QNB PORTFÖY PARA PİYASASI KATILIM (TL) FONU","Katılım Şemsiye Fonu","1.3","1.3","0","-"
"PPM","PİRAMİT PORTFÖY MUTLAK GETİRİ HEDEFLİ HİSSE SENEDİ SERBEST FON (HİSSE SENEDİ YOĞUN FON)","Serbest Şemsiye Fonu","2.1","2.1","0","-"
"PPN","NUROL PORTFÖY PARA PİYASASI (TL) FONU","Para Piyasası Şemsiye Fonu","0.7","0.7","61.57","1.65"
"PPP","PERFORM PORTFÖY PARA PİYASASI (TL) FONU","Para Piyasası Şemsiye Fonu","1","1","60.31","-"
"PPS","PHİLLİP PORTFÖY BİRİNCİ SERBEST FON","Serbest Şemsiye Fonu","2.5","2.5","37.2","0"
"PPT","ATLAS PORTFÖY PARA PİYASASI (TL) FONU","Para Piyasası Şemsiye Fonu","1.05","1.05","61.48","-"
"PPZ","AZİMUT PORTFÖY PARA PİYASASI (TL) FONU","Para Piyasası Şemsiye Fonu","1.3","0","60.34","1.65"
"PRD","PİRAMİT PORTFÖY PARA PİYASASI (TL) FONU","Para Piyasası Şemsiye Fonu","0.7875","0.7875","0","-"
"PRH","AURA PORTFÖY PARA PİYASASI (TL) FONU","Para Piyasası Şemsiye Fonu","1.25","1.25","0","-"
"PRU","ALLBATROSS PORTFÖY KISA VADELİ SERBEST (TL) FON","Serbest Şemsiye Fonu","0.75","0","56.65","1.65"
"PRY","PUSULA PORTFÖY PARA PİYASASI (TL) FONU","Para Piyasası Şemsiye Fonu","1","1","60.26","-"
"PSE","ATLAS PORTFÖY PARA PİYASASI SERBEST FON","Serbest Şemsiye Fonu","1.05","1.05","0","-"
"PSL","AZİMUT PORTFÖY 8.0 SERBEST FON","Serbest Şemsiye Fonu","3.2","0","29.11","-"
"PTO","PARDUS PORTFÖY TEMETTÜ ÖDEYEN ŞİRKETLER HİSSE SENEDİ FONU (HİSSE SENEDİ YOĞUN FON)","Hisse Senedi Şemsiye Fonu","2","0","0","-"
"PUC","AK PORTFÖY BİRİNCİ KISA VADELİ SERBEST (TL)  FON","Serbest Şemsiye Fonu","1","1","60.58","-"
"PVK","ALBARAKA PORTFÖY KISA VADELİ KATILIM SERBEST (TL) FON","Serbest Şemsiye Fonu","1.46","1.46","55.97","2.56"
"RBA","ALBARAKA PORTFÖY BEREKET VAKFI NA DESTEK ALTIN KATILIM FONU","Katılım Şemsiye Fonu","1","1","75.8","2.19"
"RBB","RE-PIE PORTFÖY BİRİNCİ BORÇLANMA ARAÇLARI (TL) FONU","Borçlanma Araçları Şemsiye Fonu","1.5","1.5","0","-"
"RBF","ROTA PORTFÖY BİRİNCİ BORÇLANMA ARAÇLARI FONU","Borçlanma Araçları Şemsiye Fonu","1","0","0","-"
"RBH","ALBARAKA PORTFÖY KATILIM HİSSE SENEDİ FONU (HİSSE SENEDİ YOĞUN FON)","Hisse Senedi Şemsiye Fonu","1.95","1.95","13.57","3.65"
"RBI","RE-PIE PORTFÖY BİRİNCİ SERBEST (DÖVİZ) FON","Serbest Şemsiye Fonu","1.25","1.25","29.76","-"
"RBK","ALBARAKA PORTFÖY KATILIM FONU","Katılım Şemsiye Fonu","1.5","1.5","31.48","3.65"
"RBL","QNB PORTFÖY ROBOTİK VE BLOCKCHAİN TEKNOLOJİLERİ SERBEST FON","Serbest Şemsiye Fonu","2.75","2.75","0","-"
"RBN","RE-PIE PORTFÖY BEŞİNCİ HİSSE SENEDİ SERBEST (TL) FON (HİSSE SENEDİ YOĞUN FON)","Serbest Şemsiye Fonu","2","2","23.12","-"
"RBP","RE-PIE PORTFÖY BİRİNCİ PARA PİYASASI (TL) FONU","Para Piyasası Şemsiye Fonu","0.9","0.9","0","-"
"RBR","RE-PIE  PORTFÖY BİRİNCİ KATILIM SERBEST FON","Serbest Şemsiye Fonu","1.5","1.5","29.19","0"
"RBT","ALBARAKA PORTFÖY KİRA SERTİFİKALARI  KATILIM FONU","Katılım Şemsiye Fonu","1","1","51.1","3.65"
"RBV","ALBARAKA PORTFÖY KISA VADELİ KİRA SERTİFİKALARI KATILIM (TL) FONU","Katılım Şemsiye Fonu","1.5","1.5","51.72","2.56"
"RCV","AZİMUT PORTFÖY BİRİNCİ ÇOKLU VARLIK KATILIM FONU","Katılım Şemsiye Fonu","3","0","0","-"
"RD1","ROTA PORTFÖY BİRİNCİ DEĞİŞKEN FON","Değişken Şemsiye Fonu","2","0","0","-"
"RDF","ROTA PORTFÖY DOKUZUNCU HİSSE SENEDİ SERBEST FON (HİSSE SENEDİ YOĞUN FON)","Serbest Şemsiye Fonu","2","0","0","-"
"RHI","RE-PIE PORTFÖY BİRİNCİ HİSSE SENEDİ (TL) FONU (HİSSE SENEDİ YOĞUN FON)","Hisse Senedi Şemsiye Fonu","2","2","0","-"
"RHS","ROTA PORTFÖY HİSSE SENEDİ (TL) FON (HİSSE SENEDİ YOĞUN FON)","Hisse Senedi Şemsiye Fonu","2.5","0","12.8","3.65"
"RIK","RE-PIE PORTFÖY İKİNCİ DEĞİŞKEN FON","Değişken Şemsiye Fonu","1.25","1.25","56.04","3.65"
"RJG","RE-PIE PORTFÖY ALTIN KATILIM FONU","Katılım Şemsiye Fonu","0.95","0.95","71.01","-"
"RKH","RE-PIE PORTFÖY KATILIM HİSSE SENEDİ SERBEST (TL) FON (HİSSE SENEDİ YOĞUN FON)","Serbest Şemsiye Fonu","2.5","2.5","0","-"
"RKS","ROTA PORTFÖY KİRA SERTİFİKALARI KATILIM FONU","Katılım Şemsiye Fonu","1.2","0","0","-"
"RKV","RE-PIE PORTFÖY KISA VADELİ KATILIM SERBEST (TL) FON","Serbest Şemsiye Fonu","1","1","54.61","-"
"RPC","ROTA PORTFÖY İKLİM DEĞİŞİKLİĞİ ÇÖZÜMLERİ DEĞİŞKEN FON","Değişken Şemsiye Fonu","2","0","7.66","3.65"
"RPD","RE-PIE PORTFÖY BİRİNCİ DEĞİŞKEN FON","Değişken Şemsiye Fonu","1.19","1.19","49.23","3.65"
"RPG","ROTA PORTFÖY ALTIN FONU","Kıymetli Madenler Şemsiye Fonu","1.6","0","63.14","2.19"
"RPI","ROTA PORTFÖY İKİNCİ HİSSE SENEDİ FONU (HİSSE SENEDİ YOĞUN FON)","Hisse Senedi Şemsiye Fonu","2.5","0","0","-"
"RPM","ROTA PORTFÖY İLAÇ VE MEDİKAL TEKNOLOJİLERİ DEĞİŞKEN FON","Değişken Şemsiye Fonu","2.5","0","5.42","3.65"
"RPP","ROTA PORTFÖY PARA PİYASASI (TL) FONU","Para Piyasası Şemsiye Fonu","0.9","0","60.59","1.65"
"RPS","ROTA PORTFÖY BİRİNCİ SERBEST (DÖVİZ) FON","Serbest Şemsiye Fonu","0.9","0","24.02","-"
"RPT","ROTA PORTFÖY İKİNCİ SERBEST (TL) FON","Serbest Şemsiye Fonu","1","0","62.1","-"
"RPX","ROTA PORTFÖY ÜÇÜNCÜ SERBEST (DÖVİZ) FON","Serbest Şemsiye Fonu","1","0","22.32","-"
"RTD","RE-PIE PORTFÖY TEKNOLOJİ DEĞİŞKEN FON","Değişken Şemsiye Fonu","2.5","2.5","0","-"
"RTG","ATA PORTFÖY ROBOTİK TEKNOLOJİLERİ DEĞİŞKEN FON","Değişken Şemsiye Fonu","2.5","2.5","9.81","3.65"
"RTH","RE-PIE PORTFÖY BİRİNCİ HİSSE SENEDİ SERBEST FON (HİSSE SENEDİ YOĞUN FON)","Serbest Şemsiye Fonu","2","2","5.28","0"
"RTP","RE-PIE PORTFÖY BİRİNCİ SERBEST FON","Serbest Şemsiye Fonu","2","2","91.71","0"
"RUT","BV PORTFÖY ROBOTİK VE UZAY TEKNOLOJİLERİ DEĞİŞKEN FON","Değişken Şemsiye Fonu","2.5","2.5","0","-"
"SAS","AK PORTFÖY SABANCI TOPLULUĞU ŞİRKETLERİ ENDEKSİ HİSSE SENEDİ (TL) FONU (HİSSE SENEDİ YOĞUN FON)","Hisse Senedi Şemsiye Fonu","2","2","3.59","-"
"SGT","GARANTİ PORTFÖY SİBER GÜVENLİK TEKNOLOJİLERİ DEĞİŞKEN FON","Değişken Şemsiye Fonu","2.7","2.7","0","-"
"SHE","TEB PORTFÖY ÖNCE KADIN DEĞİŞKEN FON","Değişken Şemsiye Fonu","2.75","2.75","31.58","3.65"
"SNY","ATLAS PORTFÖY SANAYİ SEKTÖRÜ HİSSE SENEDİ SERBEST FON (HİSSE SENEDİ YOĞUN FON)","Serbest Şemsiye Fonu","2.75","0","0","-"
"SOS","HEDEF PORTFÖY SAĞLIK SEKTÖRÜ DEĞİŞKEN FON","Değişken Şemsiye Fonu","2.95","2.95","0","-"
"SPE","AZIMUT PORTFÖY 5.0 SERBEST (DÖVIZ) FON","Serbest Şemsiye Fonu","1.5","0","26.64","-"
"SPN","AZIMUT PORTFÖY PİYASA NÖTR SERBEST FON","Serbest Şemsiye Fonu","3.2","0","54.1","-"
"SPR","BV PORTFÖY SPOR ENDÜSTRİSİ DEĞİŞKEN FON","Değişken Şemsiye Fonu","2.5","2.5","0","-"
"SPT","AKTİF PORTFÖY KATILIM FON SEPETİ FONU","Fon Sepeti Şemsiye Fonu","1","1","0","-"
"SSK","DENİZ PORTFÖY SAĞLIK SEKTÖRÜ DEĞİŞKEN FON","Değişken Şemsiye Fonu","2.9","0","0","-"
"SSS","YAPI KREDİ PORTFÖY SAVUNMA SANAYİİ ŞİRKETLERİ ENDEKSİ HİSSE SENEDİ FONU (HİSSE SENEDİ YOĞUN FON)","Hisse Senedi Şemsiye Fonu","2","2","0","-"
"ST1","STRATEJİ PORTFÖY BİRİNCİ HİSSE SENEDİ FONU (HİSSE SENEDİ YOĞUN FON)","Hisse Senedi Şemsiye Fonu","2.993","2.993","-9.99","3.65"
"STI","ATLAS PORTFÖY SENTİMENT SERBEST FON","Serbest Şemsiye Fonu","3.25","0","0","-"
"SUA","ÜNLÜ PORTFÖY BİRİNCİ DEĞİŞKEN FON","Değişken Şemsiye Fonu","2","2","45.88","3.65"
"SUB","ÜNLÜ PORTFÖY İKİNCİ DEĞİŞKEN FON","Değişken Şemsiye Fonu","2.25","2.25","13.73","3.65"
"SUC","ÜNLÜ PORTFÖY ÜÇÜNCÜ DEĞIŞKEN FON","Değişken Şemsiye Fonu","2.25","2.25","12.59","3.65"
"SVB","STRATEJİ PORTFÖY AGRESİF DEĞİŞKEN FON","Değişken Şemsiye Fonu","2","2","26.5","3.65"
"TAL","ATLAS PORTFÖY ALTIN KATILIM FONU","Kıymetli Madenler Şemsiye Fonu","1.5","1.5","70.58","-"
"TAR","AK PORTFÖY TARIM VE GIDA TEKNOLOJİLERİ DEĞİŞKEN FON","Değişken Şemsiye Fonu","2.9","2.9","7.47","3.65"
"TAU","İŞ PORTFÖY BIST BANKA ENDEKSİ HİSSE SENEDİ (TL) FONU (HİSSE SENEDİ YOĞUN FON)","Hisse Senedi Şemsiye Fonu","1.9","0","-5.46","2.19"
"TBE","TEB PORTFÖY SAĞLIK VE BİYOTEKNOLOJİ DEĞİŞKEN FON","Değişken Şemsiye Fonu","2.75","2.75","18.69","3.65"
"TBT","TEB PORTFÖY BORÇLANMA ARAÇLARI FONU","Borçlanma Araçları Şemsiye Fonu","2.19","2.19","11.4","3.65"
"TBV","İŞ PORTFÖY ÖZEL SEKTÖR BORÇLANMA ARAÇLARI (TL) FONU","Borçlanma Araçları Şemsiye Fonu","1.75","0","54.86","3.65"
"TCA","ZİRAAT PORTFÖY ALTIN KATILIM FONU","Katılım Şemsiye Fonu","1.2","1.2","79.34","2.19"
"TCB","TACİRLER PORTFÖY PARA PİYASASI FONU","Para Piyasası Şemsiye Fonu","1.25","1.25","59.4","1.65"
"TCC","TACİRLER PORTFÖY SERBEST ( DÖVİZ ) FON","Serbest Şemsiye Fonu","2.5","2.5","15.31","0"
"TCD","TACİRLER PORTFÖY DEĞIŞKEN FON","Değişken Şemsiye Fonu","2","2","-2.33","3.65"
"TCF","TEB PORTFÖY ÜÇÜNCÜ FON SEPETİ FONU","Fon Sepeti Şemsiye Fonu","2.5","2.5","53.9","4.38"
"TDG","İŞ PORTFÖY YABANCI BORÇLANMA ARAÇLARI FONU","Borçlanma Araçları Şemsiye Fonu","1.5","0","22.76","3.65"
"TE3","TEB PORTFÖY MUTLAK GETİRİ HEDEFLİ DEĞİŞKEN FON","Değişken Şemsiye Fonu","1.65","1.65","44.48","3.65"
"TE4","TEB PORTFÖY BİRİNCİ DEĞİŞKEN FON","Değişken Şemsiye Fonu","2.5","2.5","30.81","3.65"
"TEJ","AZİMUT PORTFÖY TEKNOLOJİ FON SEPETİ FONU","Fon Sepeti Şemsiye Fonu","2.835","0","20.12","-"
"TFF","TEB PORTFÖY AMERİKA TEKNOLOJİ YABANCI BYF FON SEPETİ FONU","Fon Sepeti Şemsiye Fonu","2.1","2.1","20.47","4.38"
"TGA","GARANTİ PORTFÖY AGRESİF DEĞİŞKEN FON","Değişken Şemsiye Fonu","2.7","2.7","26.68","3.65"
"TGE","İŞ PORTFÖY EMTİA YABANCI BYF FON SEPETİ FONU","Fon Sepeti Şemsiye Fonu","2.5","0","15.42","4.38"
"TGR","AK PORTFÖY TURİZM VE SEYAHAT SEKTÖRÜ DEĞİŞKEN FON","Değişken Şemsiye Fonu","2.9","2.9","12.36","3.65"
"TGX","TEB PORTFÖY TARIM VE GIDA TEKNOLOJİLERİ DEĞİŞKEN FON","Değişken Şemsiye Fonu","2.75","2.75","0.22","3.65"
"THD","TRIVE PORTFÖY BİRİNCİ HİSSE SENEDİ (TL) FON (HİSSE SENEDİ YOĞUN FON)","Hisse Senedi Şemsiye Fonu","2.5","2.5","4.38","-"
"THF","TERA PORTFÖY HİSSE SENEDİ (TL) FONU (HİSSE SENEDİ YOĞUN FON)","Hisse Senedi Şemsiye Fonu","0","2.25","0","-"
"THT","TRİVE PORTFÖY HİSSE SENEDİ SERBEST FON (HİSSE SENEDİ YOĞUN FON)","Serbest Şemsiye Fonu","2.5","2.5","0","-"
"THV","ATA PORTFÖY BARBAROS HİSSE SENEDİ SERBEST (TL) FON (HİSSE SENEDİ YOĞUN FON)","Serbest Şemsiye Fonu","2.5","2.5","0.31","-"
"TI2","İŞ PORTFÖY HİSSE SENEDİ (TL) FONU (HİSSE SENEDİ YOĞUN FON)","Hisse Senedi Şemsiye Fonu","3.2","0","13.34","3.65"
"TI3","İŞ PORTFÖY İŞ BANKASI İŞTİRAKLERİ ENDEKSİ HİSSE SENEDİ (TL) FONU (HİSSE SENEDİ YOĞUN FON)","Hisse Senedi Şemsiye Fonu","1.9","0","-2.3","2.19"
"TI4","İŞ PORTFÖY TEMKİNLİ DEĞİŞKEN FON","Değişken Şemsiye Fonu","2","0","46.19","3.65"
"TI6","İŞ PORTFÖY BORÇLANMA ARAÇLARI (TL) FONU","Borçlanma Araçları Şemsiye Fonu","2","0","35.69","3.65"
"TI7","İŞ PORTFÖY DENGELİ DEĞİŞKEN FON","Değişken Şemsiye Fonu","2","0","14.99","3.65"
"TIE","İŞ PORTFÖY BIST 30 ENDEKSİ HİSSE SENEDİ (TL) FONU (HİSSE SENEDİ YOĞUN FON)","Hisse Senedi Şemsiye Fonu","1.9","0","0.75","2.19"
"TJF","TEB PORTFÖY SÜRDÜRÜLEBİLİRLİK FON SEPETİ FONU","Fon Sepeti Şemsiye Fonu","2.19","2.19","8.28","4.38"
"TJI","TEB PORTFÖY İKİNCİ FON SEPETİ FONU","Fon Sepeti Şemsiye Fonu","2.19","0","25.28","4.38"
"TJT","TEB PORTFÖY ALTINCI SERBEST (DÖVİZ-AVRO) FON","Serbest Şemsiye Fonu","1","1","33.52","-"
"TKF","TACİRLER PORTFÖY HİSSE SENEDİ FONU (HİSSE SENEDİ YOĞUN FON)","Hisse Senedi Şemsiye Fonu","2.92","2.92","6.61","3.65"
"TLE","AURA PORTFÖY YABANCI BORÇLANMA ARAÇLARI FONU","Borçlanma Araçları Şemsiye Fonu","1.95","1.95","23.68","3.65"
"TLH","AURA PORTFÖY HİSSE SENEDİ FONU (HİSSE SENEDİ YOĞUN FON)","Hisse Senedi Şemsiye Fonu","2.75","2.75","-6.13","3.65"
"TLK","AKTİF PORTFÖY PARA PİYASASI KATILIM (TL) FONU","Katılım Şemsiye Fonu","1.2","1.2","0","-"
"TLZ","ATA PORTFÖY ANALİZ HİSSE SENEDİ (TL) FONU (HİSSE SENEDİ YOĞUN FON)","Hisse Senedi Şemsiye Fonu","2.25","2.25","-7.19","3.65"
"TMC","İŞ PORTFÖY TEMA DEĞİŞKEN FON","Değişken Şemsiye Fonu","2","0","28.39","3.65"
"TMG","İŞ PORTFÖY YABANCI HİSSE SENEDİ FONU","Hisse Senedi Şemsiye Fonu","2.5","0","11.15","3.65"
"TMM","TERA PORTFÖY İKİNCİ SERBEST (DÖVİZ) FON","Serbest Şemsiye Fonu","2.5","2.5","75.66","0"
"TMZ","İŞ PORTFÖY SÜRDÜRÜLEBİLİRLİK VE TARIM FON SEPETİ FONU","Fon Sepeti Şemsiye Fonu","2","0","23.33","-"
"TOT","TEB PORTFÖY ÖZEL SEKTÖR BORÇLANMA ARAÇLARI FONU","Borçlanma Araçları Şemsiye Fonu","1.75","1.75","55.26","3.65"
"TP2","TERA PORTFÖY PARA PİYASASI (TL) FONU","Para Piyasası Şemsiye Fonu","1","1","0","-"
"TPC","TEB PORTFÖY BİRİNCİ FON SEPETİ FONU","Fon Sepeti Şemsiye Fonu","1.95","1.95","29.83","4.38"
"TPF","TACİRLER PORTFÖY BORÇLANMA ARAÇLARI FONU","Borçlanma Araçları Şemsiye Fonu","1.25","1.25","45.91","3.65"
"TPJ","TEB PORTFÖY BİRİNCİ SERBEST (DÖVİZ) FON","Serbest Şemsiye Fonu","1","1","27.06","-"
"TPL","TEB PORTFÖY EUROBOND (DÖVİZ) BORÇLANMA ARAÇLARI FONU","Borçlanma Araçları Şemsiye Fonu","2.9","2.9","25.26","3.65"
"TPP","TEB PORTFÖY PUSULA SERBEST FON","Serbest Şemsiye Fonu","2.5","2.5","62.38","-"
"TPV","AURA PORTFÖY İKİNCİ DEĞİŞKEN FON","Değişken Şemsiye Fonu","2.6","2.6","25.94","3.65"
"TPZ","TEB PORTFÖY KİRA SERTİFİKALARI (DÖVİZ) KATILIM FONU","Katılım Şemsiye Fonu","1.05","1.05","28.15","3.65"
"TRJ","TERA PORTFÖY BİRİNCİ BORÇLANMA ARAÇLARI (TL) FONU","Borçlanma Araçları Şemsiye Fonu","0","1.5","0","-"
"TRO","TRIVE PORTFÖY ALTIN FONU","Kıymetli Madenler Şemsiye Fonu","1.825","1.825","0","-"
"TRU","TERA PORTFÖY KATILIM SERBEST (DÖVİZ) FON","Serbest Şemsiye Fonu","0","1","0","-"
"TTA","İŞ PORTFÖY ALTIN FONU","Kıymetli Madenler Şemsiye Fonu","1.9","0","60.04","2.19"
"TTE","İŞ PORTFÖY BIST TEKNOLOJİ AĞIRLIK SINIRLAMALI ENDEKSİ HİSSE SENEDİ (TL) FONU (HİSSE SENEDİ YOĞUN FON)","Hisse Senedi Şemsiye Fonu","1.9","0","-4.45","2.19"
"TTL","TACİRLER PORTFÖY KARTOPU SERBEST FON","Serbest Şemsiye Fonu","2","2","7.39","0"
"TUA","TEB PORTFÖY ALTIN FONU","Kıymetli Madenler Şemsiye Fonu","1.83","1.83","66.73","2.19"
"TVN","TRIVE PORTFÖY BİRİNCİ FON SEPETİ FONU","Fon Sepeti Şemsiye Fonu","2","2","15.15","-"
"TYH","TEB PORTFÖY HİSSE SENEDİ FONU (HİSSE SENEDİ YOĞUN FON)","Hisse Senedi Şemsiye Fonu","2.75","2.75","6.89","3.65"
"TZD","ZİRAAT PORTFÖY HİSSE SENEDİ FONU (HİSSE SENEDİ YOĞUN FON)","Hisse Senedi Şemsiye Fonu","2.2484","2.2484","-4.79","3.65"
"TZT","ZİRAAT PORTFÖY BORÇLANMA ARAÇLARI (TL) FONU","Borçlanma Araçları Şemsiye Fonu","2.0002","2.0002","35.56","3.65"
"UP1","ÜNLÜ PORTFÖY ALTIN FONU","Kıymetli Madenler Şemsiye Fonu","1.8","1.8","71.6","2.19"
"UP2","ÜNLÜ PORTFÖY ONİKİNCİ SERBEST FON","Serbest Şemsiye Fonu","1","1","59.99","-"
"UPD","ÜNLÜ PORTFÖY DÖRDÜNCÜ SERBEST (DÖVIZ) FON","Serbest Şemsiye Fonu","1","1","21.73","0"
"UPH","ÜNLÜ PORTFÖY HİSSE SENEDİ (TL) FONU(HİSSE SENEDİ YOĞUN FON)","Hisse Senedi Şemsiye Fonu","2.81","2.81","8.79","3.65"
"UPP","ÜNLÜ PORTFÖY PARA PİYASASI (TL) FONU","Para Piyasası Şemsiye Fonu","1","1","59.4","1.65"
"URA","ATA PORTFÖY ENERJİ DEĞİŞKEN FON","Değişken Şemsiye Fonu","2.5","2.5","0","-"
"USY","ÜNLÜ PORTFÖY DEĞER YATIRIMLARI SERBEST FON","Serbest Şemsiye Fonu","3","3","15.28","0"
"VAY","AK PORTFÖY DEĞER ODAKLI 100 ŞİRKETLERİ HİSSE SENEDİ (TL) FONU (HİSSE SENEDİ YOĞUN FON)","Hisse Senedi Şemsiye Fonu","3.3","3.3","-8.76","-"
"VCY","AK PORTFÖY ELEKTRİKLİ VE OTONOM ARAÇ TEKNOLOJİLERİ DEĞİŞKEN FON","Değişken Şemsiye Fonu","2.9","2.9","4.33","3.65"
"VFK","ZİRAAT PORTFÖY İKİNCİ KISA VADELİ KİRA SERTİFİKALARI KATILIM (TL) FONU","Katılım Şemsiye Fonu","1.5","1.5","52.62","2.555"
"VMV","VEGA PORTFÖY MAVİ SERBEST FON","Serbest Şemsiye Fonu","1","1","57.89","-"
"VNK","VEGA PORTFÖY ANKA SERBEST FON","Serbest Şemsiye Fonu","2.1","2.1","0","-"
"YAC","YAPI KREDİ PORTFÖY İKİNCİ FON SEPETİ FONU","Fon Sepeti Şemsiye Fonu","3","3","15.47","4.38"
"YAK","YAPI KREDİ PORTFÖY KARMA FON","Karma Şemsiye Fonu","2.75","2.75","20.67","3.65"
"YAN","YAPI KREDİ PORTFÖY BİRİNCİ FON SEPETİ FONU","Fon Sepeti Şemsiye Fonu","3","3","12.12","4.38"
"YAS","YAPI KREDİ PORTFÖY KOÇ HOLDİNG İŞTİRAK VE HİSSE SENEDİ FONU(HİSSE SENEDİ YOĞUN FON)","Hisse Senedi Şemsiye Fonu","3.54999","3.55","-16.16","3.65"
"YAY","YAPI KREDİ PORTFÖY YABANCI TEKNOLOJİ SEKTÖRÜ HİSSE SENEDİ FONU","Hisse Senedi Şemsiye Fonu","3.2485","3.25","1.34","3.65"
"YBE","YAPI KREDİ PORTFÖY EUROBOND (DOLAR) BORÇLANMA ARAÇLARI FONU","Borçlanma Araçları Şemsiye Fonu","3","3","25.38","3.65"
"YBH","YAPI KREDİ PORTFÖY 5-15 YIL VADELİ SERBEST (DÖVİZ) FON","Serbest Şemsiye Fonu","1.5","1.5","0","-"
"YBR","İŞ PORTFÖY YİRMİBİRİNCİ SERBEST (DÖVİZ) FON","Serbest Şemsiye Fonu","1","0","0","-"
"YBS","YAPI KREDİ PORTFÖY ÖZEL SEKTÖR BORÇLANMA ARAÇLARI FONU","Borçlanma Araçları Şemsiye Fonu","1.825","1.825","51.86","3.65"
"YCK","YAPI KREDİ PORTFÖY CİHANGİR SERBEST FON","Serbest Şemsiye Fonu","3.5","3.5","11.89","-"
"YCP","YAPI KREDİ PORTFÖY BANKACILIK SEKTÖRÜ HİSSE SENEDİ SERBEST FON (HİSSE SENEDİ YOĞUN FON)","Serbest Şemsiye Fonu","3","3","-7.93","-"
"YCY","İSTANBUL PORTFÖY KATILIM FON SEPETİ FONU","Fon Sepeti Şemsiye Fonu","2.625263","0","31.16","3.65"
"YDI","YAPI KREDİ PORTFÖY MODEL PORTFÖY HİSSE SENEDİ FONU (HİSSE SENEDİ YOĞUN FON)","Hisse Senedi Şemsiye Fonu","3.44998","3.45","2.98","3.65"
"YDP","YAPI KREDİ PORTFÖY BİRİNCİ DEĞİŞKEN FON","Değişken Şemsiye Fonu","2","2","26.14","3.65"
"YEF","YAPI KREDİ PORTFÖY BIST 30 ENDEKSİ HİSSE SENEDİ FONU (HİSSE SENEDİ YOĞUN FON)","Hisse Senedi Şemsiye Fonu","2.0075","2","3.43","2.19"
"YFV","YAPI KREDİ PORTFÖY KİRA SERTİFİKALARI KATILIM FONU","Katılım Şemsiye Fonu","2.0075","2.01","44.94","3.65"
"YGM","YAPI KREDİ PORTFÖY EMTİA SERBEST FON","Serbest Şemsiye Fonu","2.5","2.5","23.65","-"
"YHB","YAPI KREDİ PORTFÖY BIST 100 DIŞI ŞİRKETLER HİSSE SENEDİ FONU (HİSSE SENEDİ YOĞUN FON)","Hisse Senedi Şemsiye Fonu","3","3","6.16","-"
"YHI","YAPI KREDİ PORTFÖY İNŞAAT SEKTÖRÜ HİSSE SENEDİ SERBEST (TL) FON (HİSSE SENEDİ YOĞUN FON)","Serbest Şemsiye Fonu","3","3","0","-"
"YHK","YAPI KREDİ PORTFÖY KATILIM HİSSE SENEDİ FONU (HİSSE SENEDİ YOĞUN FON)","Hisse Senedi Şemsiye Fonu","3.15","3.15","0","-"
"YHS","YAPI KREDİ PORTFÖY BİRİNCİ HİSSE SENEDİ FONU (HİSSE SENEDİ YOĞUN FON)","Hisse Senedi Şemsiye Fonu","3.44998","3.45","3.04","3.65"
"YHZ","YAPI KREDİ PORTFÖY BIST TEKNOLOJİ AĞIRLIK SINIRLAMALI ENDEKSİ HİSSE SENEDİ FONU ( HİSSE SENEDİ YOĞUN FON)","Hisse Senedi Şemsiye Fonu","2","2","0.67","2.19"
"YIT","GARANTİ PORTFÖY YARI İLETKEN TEKNOLOJİLERİ DEĞİŞKEN FON","Değişken Şemsiye Fonu","2.7","2.7","0","-"
"YJH","YAPI KREDİ PORTFÖY TEMİZ ENERJİ DEĞİŞKEN FONU","Değişken Şemsiye Fonu","2.5","2.5","-2.64","3.65"
"YJK","YAPI KREDİ PORTFÖY ROBOTİK VE YARI İLETKEN TEKNOLOJİLERİ FON SEPETİ FONU","Fon Sepeti Şemsiye Fonu","2.5","2.5","5.45","4.38"
"YJY","YAPI KREDİ PORTFÖY YENİKÖY SERBEST (DÖVİZ) FON","Serbest Şemsiye Fonu","1.2","1.2","23.34","-"
"YKS","YAPI KREDİ PORTFÖY İSTANBUL SERBEST FON","Serbest Şemsiye Fonu","2","2","47.98","-"
"YKT","YAPI KREDİ PORTFÖY ALTIN FONU","Kıymetli Madenler Şemsiye Fonu","2.0075","2.01","71.04","2.19"
"YLC","ATA PORTFÖY TARIM VE GIDA DEĞİŞKEN FON","Değişken Şemsiye Fonu","1.75","1.75","0.9","3.65"
"YLE","YAPI KREDİ PORTFÖY BIST SÜRDÜRÜLEBİLİRLİK ENDEKSİ HİSSE SENEDİ FONU (HİSSE SENEDİ YOĞUN FON)","Hisse Senedi Şemsiye Fonu","2","2","2.66","2.19"
"YLO","YAPI KREDİ PORTFÖY ELEKTRİKLİ ARAÇLAR DEĞİŞKEN FON","Değişken Şemsiye Fonu","2.5","2.5","11.43","3.65"
"YLY","YAPI KREDİ PORTFÖY KİLYOS KAR PAYI ÖDEYEN HİSSE SENEDİ SERBEST (TL) FON (HİSSE SENEDİ YOĞUN FON)","Serbest Şemsiye Fonu","3","3","-9.25","-"
"YMD","YAPI KREDİ PORTFÖY MASLAK SERBEST (DÖVİZ- ABD DOLARI) FON","Serbest Şemsiye Fonu","1.5","1.5","22.56","-"
"YMH","YAPI KREDİ PORTFÖY MUTLAK GETİRİ HEDEFLİ HİSSE SENEDİ SERBEST FON (HİSSE SENEDİ YOĞUN FON)","Serbest Şemsiye Fonu","2.5","2.5","0","-"
"YNK","YAPI KREDİ PORTFÖY NİŞANTAŞI KAR PAYI ÖDEYEN SERBEST (DÖVİZ) FON","Serbest Şemsiye Fonu","1.4","1.4","15.32","-"
"YOT","YAPI KREDİ PORTFÖY BORÇLANMA ARAÇLARI FONU","Borçlanma Araçları Şemsiye Fonu","3","3","31.54","3.65"
"YP4","YAPI KREDİ PORTFÖY FERİKÖY SERBEST (DÖVİZ) FON","Serbest Şemsiye Fonu","1","1","21.84","-"
"YPC","YAPI KREDİ PORTFÖY İKLİM DEĞİŞİKLİĞİ ÇÖZÜMLERİ DEĞİŞKEN FON","Değişken Şemsiye Fonu","2.5","2.5","10.76","3.65"
"YPK","YAPI KREDİ PORTFÖY GALATA SERBEST FON","Serbest Şemsiye Fonu","1.5","1.5","31.68","-"
"YPL","YAPI KREDİ PORTFÖY BALAT SERBEST (DÖVİZ) FON","Serbest Şemsiye Fonu","1.4","1.4","22.53","-"
"YPR","AZİMUT PORTFÖY YILDIZ PAZAR ŞİRKETLERİ HİSSE SENEDİ FONU (HİSSE SENEDİ YOĞUN FON)","Hisse Senedi Şemsiye Fonu","2.35","0","0","-"
"YPV","YAPI KREDİ PORTFÖY ÜÇÜNCÜ FON SEPETİ FONU","Fon Sepeti Şemsiye Fonu","3","3","6.77","4.38"
"YSL","YAPI KREDİ PORTFÖY KAR PAYI ÖDEYEN KİRA SERTİFİKALARI KATILIM SERBEST (DÖVİZ) FON","Serbest Şemsiye Fonu","1.5","1.5","13.45","-"
"YSO","YAPI KREDİ PORTFÖY SAĞLIK SEKTÖRÜ SERBEST FON","Serbest Şemsiye Fonu","2.5","2.5","0","-"
"YSU","YAPI KREDİ PORTFÖY ÜÇÜNCÜ DEĞİŞKEN FON","Değişken Şemsiye Fonu","1.4965","1.5","30","3.65"
"YTD","YAPI KREDİ PORTFÖY YABANCI FON SEPETİ FONU","Fon Sepeti Şemsiye Fonu","2.0075","2","18.92","4.38"
"YTV","YAPI KREDİ PORTFÖY TARIM DEĞİŞKEN FON","Değişken Şemsiye Fonu","2.5","2.5","13.32","3.65"
"YTY","YAPI KREDİ PORTFÖY TARABYA SERBEST (DÖVİZ-AVRO) FON","Serbest Şemsiye Fonu","0.5","0.5","30.8","-"
"YUB","YAPI KREDİ PORTFÖY KARAKÖY HİSSE SENEDİ SERBEST FON (HİSSE SENEDİ YOĞUN FON)","Serbest Şemsiye Fonu","3","3","8.29","-"
"YUN","YAPI KREDİ PORTFÖY İSTİNYE SERBEST (DÖVİZ) FON","Serbest Şemsiye Fonu","1.5","1.5","25.91","-"
"YVB","YAPI KREDİ PORTFÖY UZUN VADELİ BORÇLANMA ARAÇLARI FONU","Borçlanma Araçları Şemsiye Fonu","3","3","0","-"
"YVG","YAPI KREDİ PORTFÖY SARIYER SERBEST (DÖVİZ-AVRO) FON","Serbest Şemsiye Fonu","1","1","30.21","-"
"YZC","YAPI KREDİ PORTFÖY FİNTECH VE BLOCKCHAİN TEKNOLOJİLERİ DEĞİŞKEN FON","Değişken Şemsiye Fonu","3","3","33.97","3.65"
"YZG","YAPI KREDİ PORTFÖY GÜMÜŞ FON SEPETİ FONU","Fon Sepeti Şemsiye Fonu","2.01","2.01","39.2","4.38"
"YZH","TEB PORTFÖY BIST BANKA ENDEKSİ HİSSE SENEDİ FONU (HİSSE SENEDİ YOĞUN)","Hisse Senedi Şemsiye Fonu","2","2","-7.51","2.19"
"YZK","YAPI KREDİ PORTFÖY KALAMIŞ SERBEST FON","Serbest Şemsiye Fonu","3","3","29.05","-"
"ZBD","ZİRAAT PORTFÖY DENGELİ DEĞİŞKEN FON","Değişken Şemsiye Fonu","1.752","1.752","8.07","3.65"
"ZBI","ZİRAAT PORTFÖY ÇOKLU VARLIK BİRİNCİ KATILIM FONU","Katılım Şemsiye Fonu","2","2","0","-"
"ZBJ","ZİRAAT PORTFÖY BAŞAK PARA PİYASASI (TL) FONU","Para Piyasası Şemsiye Fonu","0.49","0.49","60.45","1.6498"
"ZBO","ZİRAAT PORTFÖY MUTLAK GETİRİ HEDEFLİ HİSSE SENEDİ SERBEST FON (HİSSE SENEDİ YOĞUN FON)","Serbest Şemsiye Fonu","2.5","2.5","43.18","0"
"ZCD","ZİRAAT PORTFÖY ALTINCI SERBEST (TL) FON","Serbest Şemsiye Fonu","0.5","0.5","71.82","0"
"ZCK","ZİRAAT PORTFÖY ÇOKLU VARLIK İKİNCİ KATILIM FONU","Katılım Şemsiye Fonu","2.75","2.75","0","-"
"ZCN","ZİRAAT PORTFÖY EMTİA FON SEPETİ FONU","Fon Sepeti Şemsiye Fonu","2.6","2.6","25.09","4.38"
"ZDD","ZİRAAT PORTFÖY TEMKİNLİ DEĞİŞKEN FON","Değişken Şemsiye Fonu","1.4","1.4","40.58","3.65"
"ZDZ","ZİRAAT PORTFÖY AGRESİF DEĞİŞKEN FON","Değişken Şemsiye Fonu","2.25","2.25","12.48","3.65"
"ZFB","AK PORTFÖY FİNTEK VE BLOKZİNCİRİ TEKNOLOJİLERİ DEĞİŞKEN FON","Değişken Şemsiye Fonu","2.9","2.9","24.63","3.65"
"ZHH","ZİRAAT PORTFÖY HALKBANK SÜRDÜRÜLEBİLİRLİK 30 ŞİRKETLERİ HİSSE SENEDİ FONU (HİSSE SENEDİ YOĞUN FON)","Hisse Senedi Şemsiye Fonu","2.25","2.25","0","-"
"ZJB","ZİRAAT PORTFÖY BİRİNCİ SERBEST (TL) FON","Serbest Şemsiye Fonu","0.1","0.1","188.38","0"
"ZJI","ZİRAAT PORTFÖY İKİNCİ SERBEST (TL) FON","Serbest Şemsiye Fonu","0.1","0.1","191.93","0"
"ZJL","ZİRAAT PORTFÖY BIST 100 DIŞI ŞİRKETLER HİSSE SENEDİ FONU (HİSSE SENEDİ YOĞUN FON)","Hisse Senedi Şemsiye Fonu","2.25","2.25","9.52","3.65"
"ZJV","ZİRAAT PORTFÖY BIST 30 DIŞI YILDIZ PAZAR ŞİRKETLERİ HİSSE SENEDİ FONU (HİSSE SENEDİ YOĞUN FON)","Hisse Senedi Şemsiye Fonu","2.25","2.25","12.81","3.65"
"ZLH","ZİRAAT PORTFÖY BIST 100-30 ŞİRKETLERİ HİSSE SENEDİ FONU ( HİSSE SENEDİ YOĞUN FON)","Hisse Senedi Şemsiye Fonu","2.25","2.25","0.98","3.65"
"ZMT","AZİMUT PORTFÖY 22.0 SERBEST (DÖVİZ-AVRO) FON","Serbest Şemsiye Fonu","1.05","0","33.83","-"
"ZMY","ZİRAAT PORTFÖY METAVERSE VE YENİ TEKNOLOJİLER DEĞİŞKEN FON","Değişken Şemsiye Fonu","2","2","10.53","3.65"
"ZP6","ZİRAAT PORTFÖY SEDEF KATILIM SERBEST (DÖVİZ - AMERİKAN DOLARI) FON","Serbest Şemsiye Fonu","1","1","23.88","0"
"ZP8","ZİRAAT PORTFÖY KEHRİBAR PARA PİYASASI KATILIM SERBEST (TL) FON","Serbest Şemsiye Fonu","0.6","0.6","57.26","0"
"ZP9","ZİRAAT PORTFÖY AKİK KATILIM SERBEST (DÖVİZ-AVRO) FON","Serbest Şemsiye Fonu","1","1","28.42","0"
"ZPA","ZİRAAT PORTFÖY SERBEST (DÖVİZ) FON","Serbest Şemsiye Fonu","0.88","0.88","23.77","0"
"ZPC","ZİRAAT PORTFÖY FON SEPETİ FONU","Fon Sepeti Şemsiye Fonu","1","1","23.65","4.38"
"ZPE","ZİRAAT PORTFÖY KATILIM HİSSE SENEDİ FONU (HİSSE SENEDİ YOĞUN FON)","Hisse Senedi Şemsiye Fonu","2.25","2.25","4.03","3.65"
"ZPF","ZİRAAT PORTFÖY KATILIM FONU (DÖVİZ)","Katılım Şemsiye Fonu","1.00375","1.00375","27.18","3.65"
"ZPG","ZİRAAT PORTFÖY KİRA SERTİFİKALARI (SUKUK) KATILIM FONU","Katılım Şemsiye Fonu","1.50015","1.50015","50.04","3.65"
"ZSF","ZİRAAT PORTFÖY S&P/OIC COMCEC (İSEDAK) 50 SHARİAH ŞİRKETLERİ YABANCI HİSSE SENEDİ FONU","Hisse Senedi Şemsiye Fonu","2","2","30.25","3.65"
"ZSG","ZİRAAT PORTFÖY ESG SÜRDÜRÜLEBİLİRLİK FON SEPETİ FONU","Fon Sepeti Şemsiye Fonu","2","2","8.16","4.38"
"ZVO","ZİRAAT PORTFÖY ÜÇÜNCÜ SERBEST (TL) FON","Serbest Şemsiye Fonu","0.5","0.5","19.05","0"